dest_ip,dest_port,metadata_type,metadata_country
27.147.195.170,58080,HTTP/HTTPS,Bangladesh
49.0.33.131,27039,HTTP/HTTPS,Bangladesh
202.65.171.68,8080,HTTP/HTTPS,Bangladesh - Chittagong
103.124.251.12,8080,HTTP/HTTPS,Bangladesh
103.36.255.28,8080,HTTP/HTTPS,Bangladesh
103.243.238.38,51772,HTTP/HTTPS,Bangladesh
103.245.109.57,39355,HTTP/HTTPS,Bangladesh - Dhaka
103.141.67.50,51935,HTTP/HTTPS,Bangladesh
115.127.95.82,8080,HTTP/HTTPS,Bangladesh - Dhaka
189.124.85.77,33333,HTTP/HTTPS,Brazil - Presidente Prudente
191.252.113.131,80,HTTP/HTTPS,Brazil
45.231.208.49,3128,HTTP/HTTPS,Brazil - Vitória de Santo Antão
177.136.44.194,54443,HTTP/HTTPS,Brazil - Salvador
131.72.71.5,40033,HTTP/HTTPS,Brazil - Euclides da Cunha
187.49.83.164,8286,HTTP/HTTPS,Brazil - Cascavel
186.215.87.194,30006,HTTP/HTTPS,Brazil - Campo Grande
177.11.190.84,8080,HTTP/HTTPS,Brazil - Franca
138.186.187.194,8080,HTTP/HTTPS,Brazil - Itaquaquecetuba
177.55.178.91,8080,HTTP/HTTPS,Brazil - Pedro Leopoldo
192.145.206.192,8080,HTTP/HTTPS,Brazil - São João da Ponte
206.42.19.65,8080,HTTP/HTTPS,Brazil - Escada
201.49.101.173,3234,HTTP/HTTPS,Brazil - Porto Alegre
187.125.52.250,8080,HTTP/HTTPS,Brazil
149.78.206.146,3600,HTTP/HTTPS,Brazil - Porto Seguro
187.28.39.178,80,HTTP/HTTPS,Brazil - Macaé
187.28.39.181,80,HTTP/HTTPS,Brazil - Macaé
168.196.214.187,80,HTTP/HTTPS,Brazil - Ipiau
187.28.39.176,80,HTTP/HTTPS,Brazil - Macaé
187.28.39.185,80,HTTP/HTTPS,Brazil - Macaé
189.50.45.105,1995,HTTP/HTTPS,Brazil - Barro Alto
187.19.128.76,8090,HTTP/HTTPS,Brazil - Campina Grande
177.23.156.1,18800,HTTP/HTTPS,Brazil - Anápolis
177.19.167.242,80,HTTP/HTTPS,Brazil - Porto Alegre
45.179.184.62,8083,HTTP/HTTPS,Brazil
186.215.87.194,30007,HTTP/HTTPS,Brazil - Campo Grande
200.174.198.86,8888,HTTP/HTTPS,Brazil - Nova Santa Rita
191.241.184.61,40033,HTTP/HTTPS,Brazil - Nossa Senhora da Glória
204.199.140.28,999,HTTP/HTTPS,Chile - Santiago
204.199.140.25,999,HTTP/HTTPS,Chile - Santiago
204.199.140.27,999,HTTP/HTTPS,Chile - Santiago
115.231.181.40,8128,HTTP/HTTPS,China
39.102.210.176,10002,HTTP/HTTPS,China - Beijing
8.140.235.207,9001,HTTP/HTTPS,China - Beijing
47.122.31.59,8443,HTTP/HTTPS,China - Nanjing
121.43.146.222,8443,HTTP/HTTPS,China - Hangzhou
47.104.28.135,4216,HTTP/HTTPS,China - Qingdao
106.14.104.220,80,HTTP/HTTPS,China - Shanghai
8.130.39.117,311,HTTP/HTTPS,China - Beijing
120.76.140.155,3333,HTTP/HTTPS,China - Shenzhen
106.14.104.22,8080,HTTP/HTTPS,China - Shanghai
61.158.175.38,9002,HTTP/HTTPS,China - Kaifeng
60.174.167.40,4999,HTTP/HTTPS,China
182.92.8.235,8888,HTTP/HTTPS,China - Beijing
39.102.213.5,10002,HTTP/HTTPS,China - Beijing
8.130.37.235,1081,HTTP/HTTPS,China - Beijing
47.122.64.36,2080,HTTP/HTTPS,China - Nanjing
211.95.152.50,45046,HTTP/HTTPS,China
39.105.27.30,3128,HTTP/HTTPS,China - Beijing
8.130.34.44,5555,HTTP/HTTPS,China - Beijing
39.101.65.228,8090,HTTP/HTTPS,China - Beijing
39.101.65.228,3132,HTTP/HTTPS,China - Beijing
120.24.176.194,8701,HTTP/HTTPS,China - Shenzhen
113.121.45.23,9999,HTTP/HTTPS,China
120.205.70.102,8060,HTTP/HTTPS,China
121.43.154.123,8008,HTTP/HTTPS,China - Hangzhou
121.43.146.222,9080,HTTP/HTTPS,China - Hangzhou
39.101.65.228,10808,HTTP/HTTPS,China - Beijing
39.101.65.228,7657,HTTP/HTTPS,China - Beijing
8.130.34.237,8888,HTTP/HTTPS,China - Beijing
58.57.75.142,63000,HTTP/HTTPS,China - Zibo
101.201.225.47,80,HTTP/HTTPS,China - Beijing
61.152.132.35,8788,HTTP/HTTPS,China - Shanghai
61.145.250.170,3128,HTTP/HTTPS,China - Guangzhou
60.30.73.244,806,HTTP/HTTPS,China
221.202.27.194,10809,HTTP/HTTPS,China
186.148.181.69,999,HTTP/HTTPS,Colombia - Medellín
190.26.27.132,999,HTTP/HTTPS,Colombia - Zipaquirá
181.48.160.114,9090,HTTP/HTTPS,Colombia - Bogotá
177.93.58.41,999,HTTP/HTTPS,Colombia - Medellín
45.173.8.14,999,HTTP/HTTPS,Colombia - Cúcuta
177.93.36.74,3128,HTTP/HTTPS,Colombia - Puerto Asís
177.93.58.53,999,HTTP/HTTPS,Colombia - Medellín
186.159.23.234,999,HTTP/HTTPS,Colombia - Medellín
38.191.202.10,999,HTTP/HTTPS,Colombia - Villavicencio
45.179.201.245,999,HTTP/HTTPS,Colombia - Medellín
24.152.58.138,999,HTTP/HTTPS,Colombia - Bucaramanga
181.62.161.70,1999,HTTP/HTTPS,Colombia
177.93.60.70,999,HTTP/HTTPS,Colombia - Medellín
45.167.126.237,999,HTTP/HTTPS,Colombia - Popayán
186.97.138.69,999,HTTP/HTTPS,Colombia - Medellín
190.14.249.35,999,HTTP/HTTPS,Colombia - Bucaramanga
45.233.170.61,999,HTTP/HTTPS,Colombia - Popayán
186.31.140.216,999,HTTP/HTTPS,Colombia - Bogotá
190.26.208.228,999,HTTP/HTTPS,Colombia - Bogotá
195.35.2.231,80,HTTP/HTTPS,France - Paris
217.182.210.152,80,HTTP/HTTPS,France
46.35.9.110,80,HTTP/HTTPS,France - Achères
146.59.202.70,80,HTTP/HTTPS,France
62.210.215.36,80,HTTP/HTTPS,France
51.75.86.68,3128,HTTP/HTTPS,France
54.38.181.125,80,HTTP/HTTPS,France
94.23.9.170,80,HTTP/HTTPS,France
54.37.207.54,3128,HTTP/HTTPS,France
145.239.196.123,80,HTTP/HTTPS,France
176.31.69.137,56789,HTTP/HTTPS,France
128.140.113.110,4145,HTTP/HTTPS,Germany - Falkenstein
78.111.67.83,8080,HTTP/HTTPS,Germany
8.211.49.86,50070,HTTP/HTTPS,Germany - Frankfurt am Main
8.211.49.86,8008,HTTP/HTTPS,Germany - Frankfurt am Main
8.211.49.86,8443,HTTP/HTTPS,Germany - Frankfurt am Main
116.203.51.18,8118,HTTP/HTTPS,Germany - Nuremberg
89.58.38.239,3128,HTTP/HTTPS,Germany - Nuremberg
8.211.49.86,1080,HTTP/HTTPS,Germany - Frankfurt am Main
89.58.57.45,80,HTTP/HTTPS,Germany - Nuremberg
8.211.42.167,8080,HTTP/HTTPS,Germany - Frankfurt am Main
138.199.233.152,80,HTTP/HTTPS,Germany
8.211.51.115,84,HTTP/HTTPS,Germany - Frankfurt am Main
8.209.96.245,1099,HTTP/HTTPS,Germany - Frankfurt am Main
8.211.51.115,31433,HTTP/HTTPS,Germany - Frankfurt am Main
47.91.89.3,9080,HTTP/HTTPS,Germany - Frankfurt am Main
47.91.89.3,5060,HTTP/HTTPS,Germany - Frankfurt am Main
47.91.89.3,3128,HTTP/HTTPS,Germany - Frankfurt am Main
47.91.89.3,8081,HTTP/HTTPS,Germany - Frankfurt am Main
8.211.49.86,5007,HTTP/HTTPS,Germany - Frankfurt am Main
8.209.96.245,4153,HTTP/HTTPS,Germany - Frankfurt am Main
8.211.42.167,41890,HTTP/HTTPS,Germany - Frankfurt am Main
148.251.86.68,16379,HTTP/HTTPS,Germany - Falkenstein
8.211.51.115,80,HTTP/HTTPS,Germany - Frankfurt am Main
8.211.51.115,144,HTTP/HTTPS,Germany - Frankfurt am Main
202.61.204.51,80,HTTP/HTTPS,Germany - Nuremberg
103.113.71.90,3128,HTTP/HTTPS,Germany - Frankfurt am Main
161.35.70.249,80,HTTP/HTTPS,Germany - Frankfurt am Main
8.209.96.245,80,HTTP/HTTPS,Germany - Frankfurt am Main
8.211.49.86,80,HTTP/HTTPS,Germany - Frankfurt am Main
8.211.49.86,8080,HTTP/HTTPS,Germany - Frankfurt am Main
8.211.51.115,8081,HTTP/HTTPS,Germany - Frankfurt am Main
8.211.51.115,9098,HTTP/HTTPS,Germany - Frankfurt am Main
8.211.51.115,4000,HTTP/HTTPS,Germany - Frankfurt am Main
8.211.51.115,443,HTTP/HTTPS,Germany - Frankfurt am Main
8.211.51.115,1080,HTTP/HTTPS,Germany - Frankfurt am Main
47.76.144.139,5060,HTTP/HTTPS,Hong Kong - Hong Kong
148.66.6.211,80,HTTP/HTTPS,Hong Kong
47.76.144.139,4002,HTTP/HTTPS,Hong Kong - Hong Kong
47.238.130.212,8002,HTTP/HTTPS,Hong Kong - Hong Kong
47.238.128.246,4002,HTTP/HTTPS,Hong Kong - Hong Kong
47.238.60.156,45,HTTP/HTTPS,Hong Kong - Hong Kong
47.238.60.156,88,HTTP/HTTPS,Hong Kong - Hong Kong
148.66.6.210,80,HTTP/HTTPS,Hong Kong
1.64.217.90,80,HTTP/HTTPS,Hong Kong
180.178.37.115,80,HTTP/HTTPS,Hong Kong
8.210.17.35,8080,HTTP/HTTPS,Hong Kong - Hong Kong
8.210.17.35,8008,HTTP/HTTPS,Hong Kong - Hong Kong
8.210.17.35,3128,HTTP/HTTPS,Hong Kong - Hong Kong
8.210.17.35,8443,HTTP/HTTPS,Hong Kong - Hong Kong
47.238.134.126,999,HTTP/HTTPS,Hong Kong - Hong Kong
47.238.60.156,2526,HTTP/HTTPS,Hong Kong - Hong Kong
47.238.128.246,202,HTTP/HTTPS,Hong Kong - Hong Kong
47.238.128.246,41,HTTP/HTTPS,Hong Kong - Hong Kong
47.238.128.246,8080,HTTP/HTTPS,Hong Kong - Hong Kong
47.238.128.246,45,HTTP/HTTPS,Hong Kong - Hong Kong
47.238.128.246,8004,HTTP/HTTPS,Hong Kong - Hong Kong
47.238.128.246,8001,HTTP/HTTPS,Hong Kong - Hong Kong
47.76.144.139,80,HTTP/HTTPS,Hong Kong - Hong Kong
47.76.144.139,4006,HTTP/HTTPS,Hong Kong - Hong Kong
47.238.130.212,443,HTTP/HTTPS,Hong Kong - Hong Kong
47.76.144.139,4145,HTTP/HTTPS,Hong Kong - Hong Kong
47.238.128.246,9098,HTTP/HTTPS,Hong Kong - Hong Kong
47.238.128.246,9200,HTTP/HTTPS,Hong Kong - Hong Kong
91.103.120.55,80,HTTP/HTTPS,Hong Kong - Kai Yi Wan
47.238.134.126,8004,HTTP/HTTPS,Hong Kong - Hong Kong
47.76.144.139,8443,HTTP/HTTPS,Hong Kong - Hong Kong
47.238.60.156,3128,HTTP/HTTPS,Hong Kong - Hong Kong
47.238.134.126,81,HTTP/HTTPS,Hong Kong - Hong Kong
47.238.134.126,51,HTTP/HTTPS,Hong Kong - Hong Kong
8.210.17.35,9098,HTTP/HTTPS,Hong Kong - Hong Kong
125.18.28.54,8080,HTTP/HTTPS,India - Gurugram
202.179.93.132,58080,HTTP/HTTPS,India - Mumbai
219.65.73.81,80,HTTP/HTTPS,India
103.249.120.167,80,HTTP/HTTPS,India - Valsād
103.151.17.201,8080,HTTP/HTTPS,India
203.192.199.158,53,HTTP/HTTPS,India - Navi Mumbai
89.116.34.113,80,HTTP/HTTPS,India - Mumbai
103.81.158.137,8080,HTTP/HTTPS,India - Sonīpat
103.215.207.38,83,HTTP/HTTPS,India
103.48.68.19,83,HTTP/HTTPS,India - Hyderabad
182.78.42.112,83,HTTP/HTTPS,India
121.200.50.33,3128,HTTP/HTTPS,India - Coimbatore
103.231.47.75,8080,HTTP/HTTPS,India
103.209.36.58,81,HTTP/HTTPS,India
122.185.198.242,7999,HTTP/HTTPS,India
121.200.48.58,8080,HTTP/HTTPS,India - Coimbatore
103.191.115.252,83,HTTP/HTTPS,India - Bānka
103.36.11.119,8181,HTTP/HTTPS,Indonesia - Pandeglang
103.180.118.174,6789,HTTP/HTTPS,Indonesia
8.215.12.103,8888,HTTP/HTTPS,Indonesia - Jakarta
8.215.12.103,8009,HTTP/HTTPS,Indonesia - Jakarta
103.156.17.158,8818,HTTP/HTTPS,Indonesia - Jakarta
103.154.230.86,8080,HTTP/HTTPS,Indonesia - Lamongan
149.129.226.9,20,HTTP/HTTPS,Indonesia - Jakarta
203.111.253.101,8080,HTTP/HTTPS,Indonesia
8.215.12.103,8004,HTTP/HTTPS,Indonesia - Jakarta
103.126.87.112,1285,HTTP/HTTPS,Indonesia - Purworejo
103.115.164.71,8080,HTTP/HTTPS,Indonesia
36.95.142.35,8080,HTTP/HTTPS,Indonesia - Bekasi
103.174.236.72,8080,HTTP/HTTPS,Indonesia - Brebes
103.144.18.55,3127,HTTP/HTTPS,Indonesia - Jember
8.215.12.103,8002,HTTP/HTTPS,Indonesia - Jakarta
103.154.120.147,80,HTTP/HTTPS,Indonesia - Jakarta
103.153.62.155,8080,HTTP/HTTPS,Indonesia - Bekasi
43.250.182.11,1234,HTTP/HTTPS,Indonesia
8.215.15.163,51,HTTP/HTTPS,Indonesia - Jakarta
8.215.15.163,50,HTTP/HTTPS,Indonesia - Jakarta
103.165.150.74,8085,HTTP/HTTPS,Indonesia - Bengkalis
117.54.114.102,80,HTTP/HTTPS,Indonesia - Jakarta
103.142.60.190,2023,HTTP/HTTPS,Indonesia - Klaten
8.215.3.250,18080,HTTP/HTTPS,Indonesia - Jakarta
8.215.12.103,8010,HTTP/HTTPS,Indonesia - Jakarta
103.171.245.137,1080,HTTP/HTTPS,Indonesia - Ngawi
103.231.236.123,8182,HTTP/HTTPS,Indonesia - Pemalang
103.155.190.242,8080,HTTP/HTTPS,Indonesia - Blitar
114.9.27.158,8080,HTTP/HTTPS,Indonesia
103.251.8.135,3128,HTTP/HTTPS,Indonesia
103.153.246.54,8181,HTTP/HTTPS,Indonesia - Purwakarta
103.178.171.37,8080,HTTP/HTTPS,Indonesia
36.66.130.147,8080,HTTP/HTTPS,Indonesia - Bandung
103.123.25.65,80,HTTP/HTTPS,Indonesia
101.255.150.58,8089,HTTP/HTTPS,Indonesia - Bekasi
8.221.141.88,8443,HTTP/HTTPS,Japan - Tokyo
8.221.141.88,9098,HTTP/HTTPS,Japan - Tokyo
8.221.141.88,3129,HTTP/HTTPS,Japan - Tokyo
8.221.141.88,4145,HTTP/HTTPS,Japan - Tokyo
47.91.29.151,41,HTTP/HTTPS,Japan - Tokyo
47.74.46.81,8080,HTTP/HTTPS,Japan - Tokyo
140.227.81.191,3128,HTTP/HTTPS,Japan - Tokyo
47.91.29.151,8081,HTTP/HTTPS,Japan - Tokyo
118.27.111.97,80,HTTP/HTTPS,Japan
8.221.139.222,8028,HTTP/HTTPS,Japan - Tokyo
8.221.139.222,6666,HTTP/HTTPS,Japan - Tokyo
8.221.139.222,31433,HTTP/HTTPS,Japan - Tokyo
47.74.46.81,45,HTTP/HTTPS,Japan - Tokyo
8.221.141.88,8080,HTTP/HTTPS,Japan - Tokyo
8.221.141.88,161,HTTP/HTTPS,Japan - Tokyo
8.221.141.88,3128,HTTP/HTTPS,Japan - Tokyo
8.221.141.88,8081,HTTP/HTTPS,Japan - Tokyo
47.91.29.151,8443,HTTP/HTTPS,Japan - Tokyo
47.74.46.81,1000,HTTP/HTTPS,Japan - Tokyo
8.221.138.111,8080,HTTP/HTTPS,Japan - Tokyo
47.74.46.81,80,HTTP/HTTPS,Japan - Tokyo
47.74.46.81,18080,HTTP/HTTPS,Japan - Tokyo
8.221.141.88,9080,HTTP/HTTPS,Japan - Tokyo
47.91.29.151,1311,HTTP/HTTPS,Japan - Tokyo
102.213.219.238,8080,HTTP/HTTPS,Kenya
154.79.244.62,58792,HTTP/HTTPS,Kenya - Nairobi
102.209.18.96,8080,HTTP/HTTPS,Kenya - Nairobi
98.64.128.182,3128,HTTP/HTTPS,Netherlands - Amsterdam
77.246.102.182,3128,HTTP/HTTPS,Netherlands - Amsterdam
93.183.125.11,3128,HTTP/HTTPS,Netherlands - Amsterdam
62.84.245.79,80,HTTP/HTTPS,Netherlands
185.21.13.91,40969,HTTP/HTTPS,Netherlands - Amsterdam
79.110.201.235,8081,HTTP/HTTPS,Poland - Wroclaw
79.110.200.27,8000,HTTP/HTTPS,Poland - Wroclaw
212.182.119.149,8080,HTTP/HTTPS,Poland - Korytków Duży
185.79.243.74,8080,HTTP/HTTPS,Poland - Myszków
195.133.250.173,3127,HTTP/HTTPS,Russia
109.194.49.193,8080,HTTP/HTTPS,Russia
91.241.217.58,9090,HTTP/HTTPS,Russia
80.73.89.78,8080,HTTP/HTTPS,Russia
5.128.120.101,8181,HTTP/HTTPS,Russia - Novosibirsk
109.195.113.65,8080,HTTP/HTTPS,Russia
109.95.220.45,8080,HTTP/HTTPS,Russia
82.200.106.177,5225,HTTP/HTTPS,Russia - Novosibirsk
87.103.135.119,4444,HTTP/HTTPS,Russia - Belovo
158.160.136.57,3128,HTTP/HTTPS,Russia - Moscow
194.190.48.22,8080,HTTP/HTTPS,Russia
91.230.65.202,8080,HTTP/HTTPS,Russia
81.177.6.63,3128,HTTP/HTTPS,Russia
77.37.166.175,8080,HTTP/HTTPS,Russia - Moscow
79.172.125.86,41258,HTTP/HTTPS,Russia
5.53.23.106,8080,HTTP/HTTPS,Russia - Surgut
82.138.55.83,8080,HTTP/HTTPS,Russia
83.219.145.108,3128,HTTP/HTTPS,Russia - Kaliningrad
176.119.16.40,8534,HTTP/HTTPS,Russia
83.219.145.106,3128,HTTP/HTTPS,Russia - Kaliningrad
62.213.23.99,8080,HTTP/HTTPS,Russia - Samara
31.10.83.158,8080,HTTP/HTTPS,Russia
62.33.53.248,3128,HTTP/HTTPS,Russia - Furmanov
109.194.34.246,8082,HTTP/HTTPS,Russia
61.79.72.201,80,HTTP/HTTPS,South Korea - Busan
8.213.129.20,4006,HTTP/HTTPS,South Korea - Seoul
8.213.128.6,8085,HTTP/HTTPS,South Korea - Seoul
8.213.137.155,10091,HTTP/HTTPS,South Korea - Seoul
8.213.137.155,50,HTTP/HTTPS,South Korea - Seoul
8.213.128.90,8090,HTTP/HTTPS,South Korea - Seoul
8.213.128.90,1111,HTTP/HTTPS,South Korea - Seoul
8.213.129.20,56,HTTP/HTTPS,South Korea - Seoul
8.213.129.20,9091,HTTP/HTTPS,South Korea - Seoul
220.116.142.217,80,HTTP/HTTPS,South Korea - Nowon-gu
8.213.128.6,8019,HTTP/HTTPS,South Korea - Seoul
8.213.128.6,5000,HTTP/HTTPS,South Korea - Seoul
8.213.137.155,50001,HTTP/HTTPS,South Korea - Seoul
8.213.129.15,999,HTTP/HTTPS,South Korea - Seoul
8.213.129.15,5678,HTTP/HTTPS,South Korea - Seoul
8.220.205.172,11,HTTP/HTTPS,South Korea - Seoul
8.220.205.172,5060,HTTP/HTTPS,South Korea - Seoul
8.213.128.6,20,HTTP/HTTPS,South Korea - Seoul
8.213.128.6,800,HTTP/HTTPS,South Korea - Seoul
140.238.30.184,8080,HTTP/HTTPS,South Korea - Seoul
8.213.137.155,92,HTTP/HTTPS,South Korea - Seoul
8.213.134.213,1000,HTTP/HTTPS,South Korea - Seoul
8.220.205.172,1080,HTTP/HTTPS,South Korea - Seoul
8.213.128.90,5001,HTTP/HTTPS,South Korea - Seoul
8.213.137.155,176,HTTP/HTTPS,South Korea - Seoul
8.213.128.90,4145,HTTP/HTTPS,South Korea - Seoul
8.213.137.155,8989,HTTP/HTTPS,South Korea - Seoul
8.213.137.155,8024,HTTP/HTTPS,South Korea - Seoul
8.213.129.20,1029,HTTP/HTTPS,South Korea - Seoul
8.213.129.20,5566,HTTP/HTTPS,South Korea - Seoul
8.213.129.2,1081,HTTP/HTTPS,South Korea - Seoul
8.213.128.90,2019,HTTP/HTTPS,South Korea - Seoul
8.213.128.90,8800,HTTP/HTTPS,South Korea - Seoul
8.213.128.90,8089,HTTP/HTTPS,South Korea - Seoul
8.213.128.90,6969,HTTP/HTTPS,South Korea - Seoul
34.81.72.31,80,HTTP/HTTPS,Taiwan - Taipei
122.116.125.115,8888,HTTP/HTTPS,Taiwan - New Taipei City
106.105.118.250,80,HTTP/HTTPS,Taiwan - Taichung
106.107.183.19,80,HTTP/HTTPS,Taiwan
34.81.160.132,80,HTTP/HTTPS,Taiwan - Taipei
8.213.195.191,8008,HTTP/HTTPS,Thailand - Bangkok
8.213.222.157,1080,HTTP/HTTPS,Thailand - Bangkok
8.213.215.187,8081,HTTP/HTTPS,Thailand - Bangkok
8.213.222.157,443,HTTP/HTTPS,Thailand - Bangkok
8.213.222.247,30000,HTTP/HTTPS,Thailand - Bangkok
8.213.222.157,45,HTTP/HTTPS,Thailand - Bangkok
8.213.222.157,20002,HTTP/HTTPS,Thailand - Bangkok
8.213.197.208,8008,HTTP/HTTPS,Thailand - Bangkok
8.213.215.187,8443,HTTP/HTTPS,Thailand - Bangkok
8.213.215.187,30000,HTTP/HTTPS,Thailand - Bangkok
8.213.215.187,3128,HTTP/HTTPS,Thailand - Bangkok
125.26.4.221,8080,HTTP/HTTPS,Thailand - Ko Pha Ngan
8.213.222.247,6379,HTTP/HTTPS,Thailand - Bangkok
203.150.172.151,8080,HTTP/HTTPS,Thailand
125.26.4.219,8080,HTTP/HTTPS,Thailand - Ko Pha Ngan
122.154.75.204,8080,HTTP/HTTPS,Thailand - Ratchaburi
8.213.197.208,31433,HTTP/HTTPS,Thailand - Bangkok
8.213.222.247,3333,HTTP/HTTPS,Thailand - Bangkok
119.110.233.203,3129,HTTP/HTTPS,Thailand - Bangkok
8.213.222.157,3128,HTTP/HTTPS,Thailand - Bangkok
8.213.195.191,8081,HTTP/HTTPS,Thailand - Bangkok
110.171.40.132,8080,HTTP/HTTPS,Thailand - Bangkok
8.213.195.191,90,HTTP/HTTPS,Thailand - Bangkok
8.213.197.208,808,HTTP/HTTPS,Thailand - Bangkok
8.213.215.187,1081,HTTP/HTTPS,Thailand - Bangkok
8.213.197.208,4002,HTTP/HTTPS,Thailand - Bangkok
37.46.241.247,80,HTTP/HTTPS,Ukraine - Rivne
37.229.232.111,8080,HTTP/HTTPS,Ukraine - Poltava
195.114.7.6,8095,HTTP/HTTPS,Ukraine - Simferopol
195.34.91.67,8080,HTTP/HTTPS,Ukraine - Kyiv
8.211.195.139,1000,HTTP/HTTPS,United Kingdom - London
8.211.194.85,5060,HTTP/HTTPS,United Kingdom - London
8.211.194.85,8081,HTTP/HTTPS,United Kingdom - London
8.211.194.78,443,HTTP/HTTPS,United Kingdom - London
8.211.194.78,31433,HTTP/HTTPS,United Kingdom - London
8.211.194.78,81,HTTP/HTTPS,United Kingdom - London
8.211.194.85,9098,HTTP/HTTPS,United Kingdom - London
8.211.200.183,1234,HTTP/HTTPS,United Kingdom - London
8.211.194.85,8008,HTTP/HTTPS,United Kingdom - London
8.211.195.139,80,HTTP/HTTPS,United Kingdom - London
8.211.194.85,18080,HTTP/HTTPS,United Kingdom - London
8.211.200.183,45,HTTP/HTTPS,United Kingdom - London
8.211.195.173,8443,HTTP/HTTPS,United Kingdom - London
8.211.195.173,6379,HTTP/HTTPS,United Kingdom - London
8.211.194.85,808,HTTP/HTTPS,United Kingdom - London
8.211.195.173,3128,HTTP/HTTPS,United Kingdom - London
8.211.195.139,1080,HTTP/HTTPS,United Kingdom - London
8.211.195.173,8072,HTTP/HTTPS,United Kingdom - London
8.211.195.173,4145,HTTP/HTTPS,United Kingdom - London
8.211.195.173,1080,HTTP/HTTPS,United Kingdom - London
47.252.18.37,8081,HTTP/HTTPS,United States
47.252.18.37,3128,HTTP/HTTPS,United States
47.90.167.27,8443,HTTP/HTTPS,United States
47.252.18.37,999,HTTP/HTTPS,United States
131.148.8.130,3128,HTTP/HTTPS,United States - Orlando
108.161.135.118,80,HTTP/HTTPS,United States
47.251.73.54,92,HTTP/HTTPS,United States
97.76.251.138,8080,HTTP/HTTPS,United States - Pinellas Park
75.25.159.161,3128,HTTP/HTTPS,United States - San Leandro
35.209.198.222,80,HTTP/HTTPS,United States - Council Bluffs
47.89.184.18,3128,HTTP/HTTPS,United States
47.90.149.238,1036,HTTP/HTTPS,United States
47.90.149.238,31281,HTTP/HTTPS,United States
47.90.149.238,4145,HTTP/HTTPS,United States
47.252.11.233,999,HTTP/HTTPS,United States
47.176.240.250,4228,HTTP/HTTPS,United States - Torrance
74.207.235.213,1221,HTTP/HTTPS,United States - Atlanta
47.252.29.28,11222,HTTP/HTTPS,United States
162.241.207.217,80,HTTP/HTTPS,United States
204.157.185.3,999,HTTP/HTTPS,United States
47.251.74.38,161,HTTP/HTTPS,United States
47.254.36.213,45,HTTP/HTTPS,United States
47.252.18.37,50,HTTP/HTTPS,United States
47.251.74.38,50,HTTP/HTTPS,United States
47.251.87.199,85,HTTP/HTTPS,United States
47.89.159.212,93,HTTP/HTTPS,United States
162.240.19.30,80,HTTP/HTTPS,United States
12.133.53.17,83,HTTP/HTTPS,United States - Beachwood
47.251.73.54,8081,HTTP/HTTPS,United States
99.20.24.9,8888,HTTP/HTTPS,United States - Miami
47.90.167.27,5060,HTTP/HTTPS,United States
47.251.73.54,8080,HTTP/HTTPS,United States
40.71.46.210,8214,HTTP/HTTPS,United States - Washington
178.128.155.19,80,HTTP/HTTPS,United States - North Bergen
34.29.184.36,443,HTTP/HTTPS,United States - Council Bluffs
190.94.213.132,999,HTTP/HTTPS,Venezuela - Caracas
190.94.213.235,999,HTTP/HTTPS,Venezuela - Caracas
141.136.63.126,8080,HTTP/HTTPS,Venezuela - Caracas
190.52.100.211,999,HTTP/HTTPS,Venezuela - Caracas
45.230.170.30,999,HTTP/HTTPS,Venezuela - Caracas
186.96.67.58,999,HTTP/HTTPS,Venezuela - Caracas
38.7.2.93,999,HTTP/HTTPS,Venezuela - Maracaibo
186.96.67.42,999,HTTP/HTTPS,Venezuela - Caracas
190.52.100.195,999,HTTP/HTTPS,Venezuela - Caracas
38.188.48.70,8080,HTTP/HTTPS,Venezuela
46.34.165.86,443,HTTP/HTTPS,Iran
185.105.102.189,80,HTTP/HTTPS,Iran
185.112.35.178,3128,HTTP/HTTPS,Iran
37.32.12.199,80,HTTP/HTTPS,Iran
88.135.72.7,80,HTTP/HTTPS,Iran
217.219.173.237,8080,HTTP/HTTPS,Iran
5.160.224.146,3128,HTTP/HTTPS,Iran - Tehran
81.12.106.158,8080,HTTP/HTTPS,Iran
46.32.15.59,3128,HTTP/HTTPS,Iran - Tehran
188.132.222.4,8080,HTTP/HTTPS,Turkey - Antakya
38.156.72.22,9999,HTTP/HTTPS,Turkey - Antakya
188.125.169.92,8080,HTTP/HTTPS,Turkey
38.156.75.50,4230,HTTP/HTTPS,Turkey - Antakya
195.87.136.2,5331,HTTP/HTTPS,Turkey
188.125.169.100,8080,HTTP/HTTPS,Turkey
93.188.99.188,28080,HTTP/HTTPS,Italy
149.86.203.217,8080,HTTP/HTTPS,Italy
87.120.103.205,8080,HTTP/HTTPS,Italy - Fabriano
62.241.133.227,1975,HTTP/HTTPS,Egypt
84.36.228.154,1981,HTTP/HTTPS,Egypt
213.131.85.27,1976,HTTP/HTTPS,Egypt
197.164.101.12,1976,HTTP/HTTPS,Egypt - Cairo
197.164.101.13,1981,HTTP/HTTPS,Egypt - Cairo
213.131.85.26,1976,HTTP/HTTPS,Egypt
197.164.101.14,1976,HTTP/HTTPS,Egypt - Cairo
197.164.101.14,1981,HTTP/HTTPS,Egypt - Cairo
41.33.89.100,1981,HTTP/HTTPS,Egypt - Al Mansurah
213.131.85.27,1981,HTTP/HTTPS,Egypt
193.68.115.14,8080,HTTP/HTTPS,Bulgaria
38.180.2.107,3128,HTTP/HTTPS,Bulgaria - Sofia
167.179.38.130,3128,HTTP/HTTPS,anonymous
139.59.1.14,80,HTTP/HTTPS,anonymous
143.198.42.182,31280,HTTP/HTTPS,elite proxy
145.239.196.123,80,HTTP/HTTPS,elite proxy
172.188.122.92,80,HTTP/HTTPS,anonymous
27.79.192.37,16000,HTTP/HTTPS,elite proxy
14.241.80.37,8080,HTTP/HTTPS,elite proxy
165.232.129.150,80,HTTP/HTTPS,anonymous
37.27.63.151,34647,HTTP/HTTPS,elite proxy
65.21.52.41,8888,HTTP/HTTPS,anonymous
146.59.202.70,80,HTTP/HTTPS,elite proxy
95.216.148.196,80,HTTP/HTTPS,anonymous
23.247.136.248,80,HTTP/HTTPS,anonymous
200.174.198.86,8888,HTTP/HTTPS,anonymous
8.211.42.167,1234,HTTP/HTTPS,elite proxy
5.161.255.113,1080,HTTP/HTTPS,elite proxy
81.169.213.169,8888,HTTP/HTTPS,anonymous
41.59.90.175,80,HTTP/HTTPS,anonymous
188.166.56.246,80,HTTP/HTTPS,elite proxy
197.243.20.178,80,HTTP/HTTPS,elite proxy
195.231.69.203,80,HTTP/HTTPS,elite proxy
159.65.221.25,80,HTTP/HTTPS,anonymous
41.59.90.171,80,HTTP/HTTPS,anonymous
34.102.48.89,8080,HTTP/HTTPS,elite proxy
103.249.120.167,80,HTTP/HTTPS,anonymous
40.76.69.94,8080,HTTP/HTTPS,elite proxy
47.88.59.79,82,HTTP/HTTPS,anonymous
51.254.78.223,80,HTTP/HTTPS,anonymous
38.60.91.60,80,HTTP/HTTPS,anonymous
162.223.90.150,80,HTTP/HTTPS,elite proxy
68.183.143.134,80,HTTP/HTTPS,elite proxy
66.201.7.151,3128,HTTP/HTTPS,elite proxy
156.38.112.11,80,HTTP/HTTPS,elite proxy
87.255.196.143,80,HTTP/HTTPS,elite proxy
154.90.48.76,80,HTTP/HTTPS,elite proxy
103.75.119.185,80,HTTP/HTTPS,anonymous
8.210.117.141,8888,HTTP/HTTPS,elite proxy
103.79.131.70,13001,HTTP/HTTPS,anonymous
129.226.155.235,8080,HTTP/HTTPS,anonymous
138.199.233.152,80,HTTP/HTTPS,anonymous
34.81.72.31,80,HTTP/HTTPS,anonymous
158.255.77.169,80,HTTP/HTTPS,anonymous
161.35.70.249,8080,HTTP/HTTPS,anonymous
158.255.77.168,80,HTTP/HTTPS,anonymous
57.129.81.201,8080,HTTP/HTTPS,anonymous
32.223.6.94,80,HTTP/HTTPS,anonymous
133.18.234.13,80,HTTP/HTTPS,anonymous
219.93.101.60,80,HTTP/HTTPS,anonymous
190.58.248.86,80,HTTP/HTTPS,anonymous
50.122.86.118,80,HTTP/HTTPS,anonymous
147.182.180.242,80,HTTP/HTTPS,elite proxy
190.2.143.81,8888,HTTP/HTTPS,anonymous
66.191.31.158,80,HTTP/HTTPS,anonymous
91.107.154.214,80,HTTP/HTTPS,anonymous
219.93.101.63,80,HTTP/HTTPS,anonymous
158.255.77.166,80,HTTP/HTTPS,anonymous
23.247.136.254,80,HTTP/HTTPS,anonymous
45.140.143.77,18080,HTTP/HTTPS,elite proxy
200.250.131.218,80,HTTP/HTTPS,anonymous
89.58.57.45,80,HTTP/HTTPS,anonymous
45.12.150.82,8080,HTTP/HTTPS,elite proxy
82.102.10.253,80,HTTP/HTTPS,anonymous
195.114.209.50,80,HTTP/HTTPS,elite proxy
213.143.113.82,80,HTTP/HTTPS,anonymous
143.42.66.91,80,HTTP/HTTPS,anonymous
85.215.64.49,80,HTTP/HTTPS,anonymous
88.135.72.7,80,HTTP/HTTPS,anonymous
37.32.12.199,80,HTTP/HTTPS,anonymous
91.103.120.55,80,HTTP/HTTPS,anonymous
159.69.57.20,8880,HTTP/HTTPS,elite proxy
0.0.0.0,80,HTTP/HTTPS,anonymous
97.74.87.226,80,HTTP/HTTPS,anonymous
211.128.96.206,80,HTTP/HTTPS,anonymous
68.185.57.66,80,HTTP/HTTPS,anonymous
127.0.0.7,80,HTTP/HTTPS,anonymous
140.238.242.189,8100,HTTP/HTTPS,anonymous
217.26.67.57,3180,HTTP/HTTPS,transparent
103.152.100.221,8080,HTTP/HTTPS,transparent
190.60.45.79,999,HTTP/HTTPS,transparent
2.59.156.143,3128,HTTP/HTTPS,transparent
190.103.177.131,80,HTTP/HTTPS,anonymous
167.253.49.214,8085,HTTP/HTTPS,transparent
45.56.173.199,6182,HTTP/HTTPS,transparent
104.224.90.240,6401,HTTP/HTTPS,transparent
146.103.44.239,6791,HTTP/HTTPS,transparent
173.211.68.77,6359,HTTP/HTTPS,transparent
140.235.3.211,8085,HTTP/HTTPS,transparent
198.37.99.156,5947,HTTP/HTTPS,transparent
45.41.162.81,6718,HTTP/HTTPS,transparent
154.30.241.78,9789,HTTP/HTTPS,transparent
193.56.20.158,8085,HTTP/HTTPS,transparent
136.0.109.98,6384,HTTP/HTTPS,transparent
38.154.227.236,5937,HTTP/HTTPS,transparent
193.93.194.253,8085,HTTP/HTTPS,transparent
193.56.20.147,8085,HTTP/HTTPS,transparent
104.239.124.220,6498,HTTP/HTTPS,transparent
43.152.112.135,15353,HTTP/HTTPS,transparent
154.6.129.28,5498,HTTP/HTTPS,transparent
198.46.246.100,6724,HTTP/HTTPS,transparent
45.148.125.45,8085,HTTP/HTTPS,transparent
38.54.71.67,80,HTTP/HTTPS,elite proxy
72.10.160.90,18457,HTTP/HTTPS,elite proxy
219.65.73.81,80,HTTP/HTTPS,anonymous
45.92.108.112,80,HTTP/HTTPS,elite proxy
167.99.124.118,80,HTTP/HTTPS,anonymous
107.150.41.226,22575,HTTP/HTTPS,elite proxy
63.143.57.115,80,HTTP/HTTPS,anonymous
174.138.54.65,80,HTTP/HTTPS,elite proxy
93.127.163.52,80,HTTP/HTTPS,elite proxy
63.143.57.117,80,HTTP/HTTPS,anonymous
134.209.29.120,80,HTTP/HTTPS,anonymous
93.115.172.94,1080,HTTP/HTTPS,elite proxy
87.248.129.32,80,HTTP/HTTPS,anonymous
47.90.205.231,33333,HTTP/HTTPS,anonymous
8.219.97.248,80,HTTP/HTTPS,anonymous
65.108.203.37,18080,HTTP/HTTPS,anonymous
47.251.122.81,8888,HTTP/HTTPS,elite proxy
179.60.53.28,999,HTTP/HTTPS,elite proxy
159.203.61.169,3128,HTTP/HTTPS,anonymous
209.97.150.167,8080,HTTP/HTTPS,anonymous
198.199.86.11,8080,HTTP/HTTPS,anonymous
67.43.228.254,13919,HTTP/HTTPS,elite proxy
192.73.244.36,80,HTTP/HTTPS,elite proxy
198.49.68.80,80,HTTP/HTTPS,elite proxy
179.49.117.18,999,HTTP/HTTPS,transparent
147.75.122.245,999,HTTP/HTTPS,transparent
43.243.174.26,83,HTTP/HTTPS,transparent
186.96.68.72,999,HTTP/HTTPS,transparent
165.16.55.19,44444,HTTP/HTTPS,transparent
89.117.145.245,3128,HTTP/HTTPS,elite proxy
154.65.39.8,80,HTTP/HTTPS,elite proxy
4.175.200.138,8080,HTTP/HTTPS,anonymous
138.197.102.119,80,HTTP/HTTPS,elite proxy
38.54.9.151,3128,HTTP/HTTPS,elite proxy
113.160.132.195,8080,HTTP/HTTPS,elite proxy
51.75.206.209,80,HTTP/HTTPS,elite proxy
103.216.94.66,8000,HTTP/HTTPS,transparent
41.59.90.168,80,HTTP/HTTPS,anonymous
104.225.220.233,80,HTTP/HTTPS,elite proxy
185.88.177.197,8080,HTTP/HTTPS,anonymous
84.39.112.144,3128,HTTP/HTTPS,anonymous
185.112.35.178,3128,HTTP/HTTPS,elite proxy
47.251.43.115,33333,HTTP/HTTPS,anonymous
198.74.51.79,8888,HTTP/HTTPS,anonymous
144.126.216.57,80,HTTP/HTTPS,anonymous
20.210.39.153,8561,HTTP/HTTPS,transparent
157.15.139.135,8080,HTTP/HTTPS,transparent
179.1.147.131,999,HTTP/HTTPS,transparent
194.156.90.134,3128,HTTP/HTTPS,transparent
197.221.85.214,8080,HTTP/HTTPS,transparent
115.72.169.25,10001,HTTP/HTTPS,elite proxy
65.108.203.36,18080,HTTP/HTTPS,elite proxy
91.222.238.112,80,HTTP/HTTPS,elite proxy
41.74.91.244,80,HTTP/HTTPS,elite proxy
194.164.174.5,3128,HTTP/HTTPS,transparent
182.253.38.179,3128,HTTP/HTTPS,transparent
220.73.173.111,443,HTTP/HTTPS,anonymous
52.66.70.164,80,HTTP/HTTPS,elite proxy
77.238.103.98,8080,HTTP/HTTPS,elite proxy
47.90.167.27,3128,HTTP/HTTPS,elite proxy
47.91.121.127,8888,HTTP/HTTPS,elite proxy
131.148.8.130,3128,HTTP/HTTPS,anonymous
194.164.174.7,3128,HTTP/HTTPS,transparent
85.215.132.212,3128,HTTP/HTTPS,transparent
47.236.224.32,8080,HTTP/HTTPS,elite proxy
138.68.60.8,80,HTTP/HTTPS,anonymous
46.29.162.222,80,HTTP/HTTPS,anonymous
191.252.113.131,80,HTTP/HTTPS,elite proxy
128.199.202.122,8080,HTTP/HTTPS,anonymous
34.81.160.132,80,HTTP/HTTPS,elite proxy
54.38.181.125,3128,HTTP/HTTPS,anonymous
144.139.210.56,80,HTTP/HTTPS,elite proxy
108.161.135.118,80,HTTP/HTTPS,transparent
103.145.34.62,1111,HTTP/HTTPS,transparent
143.110.232.177,80,HTTP/HTTPS,elite proxy
182.72.203.255,80,HTTP/HTTPS,elite proxy
47.56.110.204,8989,HTTP/HTTPS,anonymous
102.134.98.222,8081,HTTP/HTTPS,anonymous
177.234.210.7,999,HTTP/HTTPS,transparent
103.169.33.30,8080,HTTP/HTTPS,transparent
122.160.148.199,8080,HTTP/HTTPS,anonymous
23.82.137.157,80,HTTP/HTTPS,anonymous
147.91.22.150,80,HTTP/HTTPS,elite proxy
124.248.190.213,8080,HTTP/HTTPS,elite proxy
94.23.9.170,80,HTTP/HTTPS,elite proxy
137.66.45.239,80,HTTP/HTTPS,elite proxy
179.61.174.4,80,HTTP/HTTPS,elite proxy
78.28.152.113,80,HTTP/HTTPS,elite proxy
5.161.103.41,88,HTTP/HTTPS,elite proxy
12.176.231.147,80,HTTP/HTTPS,elite proxy
116.110.95.30,9008,HTTP/HTTPS,elite proxy
38.172.131.34,999,HTTP/HTTPS,transparent
138.121.226.209,3128,HTTP/HTTPS,transparent
67.43.236.21,18063,HTTP/HTTPS,transparent
51.254.132.238,80,HTTP/HTTPS,elite proxy
34.87.84.105,80,HTTP/HTTPS,elite proxy
79.174.12.190,80,HTTP/HTTPS,elite proxy
13.80.134.180,80,HTTP/HTTPS,elite proxy
78.28.152.111,80,HTTP/HTTPS,elite proxy
47.91.110.148,8080,HTTP/HTTPS,elite proxy
49.249.155.3,80,HTTP/HTTPS,elite proxy
103.153.39.37,8083,HTTP/HTTPS,transparent
103.97.140.48,8080,HTTP/HTTPS,transparent
186.96.50.113,999,HTTP/HTTPS,transparent
101.255.148.113,8080,HTTP/HTTPS,transparent
91.187.113.68,8080,HTTP/HTTPS,transparent
195.35.2.231,80,HTTP/HTTPS,elite proxy
167.235.200.145,1080,HTTP/HTTPS,elite proxy
185.250.180.238,8080,HTTP/HTTPS,anonymous
87.248.129.26,80,HTTP/HTTPS,anonymous
122.99.125.85,80,HTTP/HTTPS,anonymous
206.189.80.172,3128,HTTP/HTTPS,elite proxy
117.54.114.102,80,HTTP/HTTPS,anonymous
168.197.42.74,8082,HTTP/HTTPS,elite proxy
27.79.140.190,16000,HTTP/HTTPS,elite proxy
27.79.251.60,16000,HTTP/HTTPS,anonymous
78.108.41.124,9111,HTTP/HTTPS,anonymous
149.129.226.9,8081,HTTP/HTTPS,elite proxy
188.225.58.128,3128,HTTP/HTTPS,transparent
180.191.36.250,8081,HTTP/HTTPS,transparent
103.125.17.22,8080,HTTP/HTTPS,transparent
38.255.21.130,999,HTTP/HTTPS,transparent
179.49.202.205,999,HTTP/HTTPS,transparent
45.229.28.9,11211,HTTP/HTTPS,transparent
35.200.20.0,3128,HTTP/HTTPS,transparent
162.214.165.203,80,HTTP/HTTPS,anonymous
85.214.107.177,80,HTTP/HTTPS,elite proxy
47.238.149.53,8888,HTTP/HTTPS,elite proxy
65.108.159.129,8081,HTTP/HTTPS,elite proxy
196.1.95.124,80,HTTP/HTTPS,elite proxy
186.124.164.213,80,HTTP/HTTPS,anonymous
91.65.103.3,80,HTTP/HTTPS,elite proxy
103.81.194.167,8080,HTTP/HTTPS,anonymous
141.147.9.254,80,HTTP/HTTPS,anonymous
201.222.50.218,80,HTTP/HTTPS,anonymous
84.103.174.6,80,HTTP/HTTPS,anonymous
78.24.186.89,8086,HTTP/HTTPS,transparent
65.2.44.94,80,HTTP/HTTPS,transparent
103.152.239.29,1080,HTTP/HTTPS,transparent
177.234.217.86,999,HTTP/HTTPS,transparent
181.224.175.240,999,HTTP/HTTPS,transparent
38.194.250.66,999,HTTP/HTTPS,transparent
8.222.235.39,3128,HTTP/HTTPS,transparent
160.19.19.33,8080,HTTP/HTTPS,transparent
165.227.164.158,3128,HTTP/HTTPS,transparent
152.230.215.123,80,HTTP/HTTPS,elite proxy
85.132.37.9,1313,HTTP/HTTPS,elite proxy
46.47.197.210,3128,HTTP/HTTPS,elite proxy
5.161.106.49,1080,HTTP/HTTPS,elite proxy
188.166.230.109,31028,HTTP/HTTPS,elite proxy
103.152.238.83,1080,HTTP/HTTPS,transparent
67.43.236.22,19457,HTTP/HTTPS,elite proxy
78.111.67.83,8080,HTTP/HTTPS,transparent
20.13.34.208,8118,HTTP/HTTPS,transparent
178.16.130.81,80,HTTP/HTTPS,transparent
190.111.193.84,8080,HTTP/HTTPS,transparent
103.19.79.248,999,HTTP/HTTPS,transparent
103.144.18.55,3127,HTTP/HTTPS,transparent
103.135.1.239,8080,HTTP/HTTPS,transparent
185.166.24.221,1976,HTTP/HTTPS,transparent
103.120.124.230,8080,HTTP/HTTPS,transparent
103.82.37.41,8888,HTTP/HTTPS,transparent
154.65.39.7,80,HTTP/HTTPS,elite proxy
23.82.137.161,80,HTTP/HTTPS,anonymous
154.0.12.163,80,HTTP/HTTPS,elite proxy
31.7.70.215,3128,HTTP/HTTPS,transparent
138.197.68.35,4857,HTTP/HTTPS,anonymous
41.72.213.182,8090,HTTP/HTTPS,transparent
103.13.205.41,8080,HTTP/HTTPS,transparent
157.66.2.153,1111,HTTP/HTTPS,transparent
112.198.18.206,8080,HTTP/HTTPS,transparent
1.33.111.12,8080,HTTP/HTTPS,transparent
138.68.235.51,80,HTTP/HTTPS,elite proxy
67.43.236.18,3927,HTTP/HTTPS,elite proxy
43.135.78.162,30004,HTTP/HTTPS,anonymous
159.65.245.255,80,HTTP/HTTPS,elite proxy
8.217.124.178,49440,HTTP/HTTPS,elite proxy
103.111.119.34,8080,HTTP/HTTPS,transparent
103.120.146.11,8080,HTTP/HTTPS,transparent
81.177.160.200,80,HTTP/HTTPS,elite proxy
102.222.161.143,3128,HTTP/HTTPS,anonymous
209.45.108.230,1011,HTTP/HTTPS,transparent
8.213.128.90,8001,HTTP/HTTPS,elite proxy
103.133.61.230,8080,HTTP/HTTPS,transparent
176.126.111.233,8085,HTTP/HTTPS,transparent
198.37.99.199,5990,HTTP/HTTPS,transparent
104.239.35.2,5684,HTTP/HTTPS,transparent
193.233.230.125,8085,HTTP/HTTPS,transparent
67.227.36.204,6246,HTTP/HTTPS,transparent
191.96.254.217,6264,HTTP/HTTPS,transparent
193.31.127.123,8085,HTTP/HTTPS,transparent
193.233.142.228,8085,HTTP/HTTPS,transparent
192.177.87.160,6006,HTTP/HTTPS,transparent
192.177.87.209,6055,HTTP/HTTPS,transparent
193.163.92.144,8085,HTTP/HTTPS,transparent
91.242.228.70,8085,HTTP/HTTPS,transparent
173.0.9.144,5727,HTTP/HTTPS,transparent
98.159.38.55,6355,HTTP/HTTPS,transparent
38.154.191.97,8674,HTTP/HTTPS,transparent
216.74.118.72,6227,HTTP/HTTPS,transparent
89.169.55.200,1080,HTTP/HTTPS,Socks4
103.111.136.82,8199,HTTP/HTTPS,Socks4
118.70.151.55,1080,HTTP/HTTPS,Socks4
72.195.34.58,4145,HTTP/HTTPS,Socks4
74.119.147.209,4145,HTTP/HTTPS,Socks4
163.172.164.115,16379,HTTP/HTTPS,Socks4
109.160.97.49,4145,HTTP/HTTPS,Socks4
45.117.63.56,6250,HTTP/HTTPS,Socks4
185.59.100.55,1080,HTTP/HTTPS,Socks4
192.111.138.29,4145,HTTP/HTTPS,Socks4
192.252.216.86,4145,HTTP/HTTPS,Socks4
192.111.139.162,4145,HTTP/HTTPS,Socks4
142.54.231.38,4145,HTTP/HTTPS,Socks4
37.27.63.151,11441,HTTP/HTTPS,Socks4
162.253.68.97,4145,HTTP/HTTPS,Socks4
51.210.111.216,16490,HTTP/HTTPS,Socks4
38.54.17.237,1080,HTTP/HTTPS,Socks4
109.123.254.43,44011,HTTP/HTTPS,Socks4
91.241.131.179,9834,HTTP/HTTPS,Socks4
114.5.12.238,33000,HTTP/HTTPS,Socks4
37.52.50.28,5678,HTTP/HTTPS,Socks4
45.162.225.114,59341,HTTP/HTTPS,Socks4
64.139.79.35,54321,HTTP/HTTPS,Socks4
98.188.47.132,4145,HTTP/HTTPS,Socks4
194.150.71.227,4153,HTTP/HTTPS,Socks4
171.5.6.82,4153,HTTP/HTTPS,Socks4
88.99.225.178,443,HTTP/HTTPS,Socks4
184.170.245.148,4145,HTTP/HTTPS,Socks4
103.245.205.26,6969,HTTP/HTTPS,Socks4
129.205.138.174,4145,HTTP/HTTPS,Socks4
171.244.10.204,5925,HTTP/HTTPS,Socks4
192.252.209.158,4145,HTTP/HTTPS,Socks4
198.8.94.174,39078,HTTP/HTTPS,Socks4
192.111.137.34,18765,HTTP/HTTPS,Socks4
198.8.94.170,4145,HTTP/HTTPS,Socks4
184.178.172.28,15294,HTTP/HTTPS,Socks4
113.160.188.21,1080,HTTP/HTTPS,Socks4
102.68.56.242,3629,HTTP/HTTPS,Socks4
163.172.146.42,16379,HTTP/HTTPS,Socks4
192.252.215.2,4145,HTTP/HTTPS,Socks4
208.102.51.6,58208,HTTP/HTTPS,Socks4
14.63.49.131,4145,HTTP/HTTPS,Socks4
107.219.228.250,7777,HTTP/HTTPS,Socks4
67.225.137.108,61891,HTTP/HTTPS,Socks4
34.166.117.165,1080,HTTP/HTTPS,Socks4
146.70.164.210,1080,HTTP/HTTPS,Socks4
95.156.83.139,1080,HTTP/HTTPS,Socks4
72.49.49.11,31034,HTTP/HTTPS,Socks4
82.223.165.28,38245,HTTP/HTTPS,Socks4
199.102.104.70,4145,HTTP/HTTPS,Socks4
198.199.86.11,1080,HTTP/HTTPS,Socks4
77.238.79.111,5678,HTTP/HTTPS,Socks4
98.181.137.83,4145,HTTP/HTTPS,Socks4
122.116.29.68,4145,HTTP/HTTPS,Socks4
46.105.105.223,35749,HTTP/HTTPS,Socks4
195.91.129.101,1337,HTTP/HTTPS,Socks4
103.179.156.62,1080,HTTP/HTTPS,Socks4
198.244.147.24,1212,HTTP/HTTPS,Socks4
45.115.113.126,9090,HTTP/HTTPS,Socks4
185.144.156.61,21032,HTTP/HTTPS,Socks4
188.138.254.218,4145,HTTP/HTTPS,Socks4
78.188.60.102,1085,HTTP/HTTPS,Socks4
27.121.101.5,5678,HTTP/HTTPS,Socks4
37.157.217.144,10810,HTTP/HTTPS,Socks4
212.220.13.98,4153,HTTP/HTTPS,Socks4
185.216.18.138,44550,HTTP/HTTPS,Socks4
192.252.214.17,4145,HTTP/HTTPS,Socks4
52.56.248.120,10001,HTTP/HTTPS,Socks4
163.172.185.252,16379,HTTP/HTTPS,Socks4
185.132.1.221,4145,HTTP/HTTPS,Socks4
180.92.212.178,5678,HTTP/HTTPS,Socks4
50.92.154.24,5678,HTTP/HTTPS,Socks4
199.229.254.129,4145,HTTP/HTTPS,Socks4
41.169.151.154,4153,HTTP/HTTPS,Socks4
107.189.11.149,1080,HTTP/HTTPS,Socks4
212.47.232.249,16379,HTTP/HTTPS,Socks4
184.178.172.26,4145,HTTP/HTTPS,Socks4
192.111.137.35,4145,HTTP/HTTPS,Socks4
174.77.111.196,4145,HTTP/HTTPS,Socks4
124.105.55.176,30906,HTTP/HTTPS,Socks4
50.250.205.21,32100,HTTP/HTTPS,Socks4
185.21.13.91,40969,HTTP/HTTPS,Socks4
69.61.200.104,36181,HTTP/HTTPS,Socks4
184.170.249.65,4145,HTTP/HTTPS,Socks4
174.77.111.197,4145,HTTP/HTTPS,Socks4
159.203.61.169,1080,HTTP/HTTPS,Socks4
103.70.145.139,5678,HTTP/HTTPS,Socks4
170.78.211.161,1080,HTTP/HTTPS,Socks4
81.30.177.75,1080,HTTP/HTTPS,Socks4
115.127.124.234,1080,HTTP/HTTPS,Socks4
67.201.33.10,25283,HTTP/HTTPS,Socks4
188.128.86.74,1080,HTTP/HTTPS,Socks4
103.127.223.126,1080,HTTP/HTTPS,Socks4
185.191.165.28,1080,HTTP/HTTPS,Socks4
192.111.139.163,19404,HTTP/HTTPS,Socks4
213.19.205.18,54321,HTTP/HTTPS,Socks4
68.71.241.33,4145,HTTP/HTTPS,Socks4
36.94.119.218,4145,HTTP/HTTPS,Socks4
128.199.202.122,1080,HTTP/HTTPS,Socks4
72.205.0.67,4145,HTTP/HTTPS,Socks4
68.71.242.118,4145,HTTP/HTTPS,Socks4
188.165.222.158,8020,HTTP/HTTPS,Socks4
103.69.20.131,10888,HTTP/HTTPS,Socks4
37.44.238.2,60796,HTTP/HTTPS,Socks4
199.187.210.54,4145,HTTP/HTTPS,Socks4
161.35.70.249,1080,HTTP/HTTPS,Socks4
182.53.96.56,4145,HTTP/HTTPS,Socks4
64.229.99.170,5678,HTTP/HTTPS,Socks4
188.34.198.195,31096,HTTP/HTTPS,Socks4
51.178.68.226,62202,HTTP/HTTPS,Socks4
92.255.190.64,4153,HTTP/HTTPS,Socks4
190.14.224.244,3629,HTTP/HTTPS,Socks4
72.195.114.169,4145,HTTP/HTTPS,Socks4
98.175.31.222,4145,HTTP/HTTPS,Socks4
75.81.166.118,39593,HTTP/HTTPS,Socks4
45.65.233.227,4145,HTTP/HTTPS,Socks4
174.75.211.193,4145,HTTP/HTTPS,Socks4
68.71.249.158,4145,HTTP/HTTPS,Socks4
161.49.176.173,1338,HTTP/HTTPS,Socks4
51.15.210.52,16379,HTTP/HTTPS,Socks4
37.221.202.84,33333,HTTP/HTTPS,Socks4
174.64.199.82,4145,HTTP/HTTPS,Socks4
72.211.46.124,4145,HTTP/HTTPS,Socks4
109.135.16.145,49879,HTTP/HTTPS,Socks4
107.181.168.145,4145,HTTP/HTTPS,Socks4
67.201.35.145,4145,HTTP/HTTPS,Socks4
103.189.218.76,6969,HTTP/HTTPS,Socks4
8.220.141.8,8080,HTTP/HTTPS,Socks4
82.130.202.219,43429,HTTP/HTTPS,Socks4
103.165.64.86,4153,HTTP/HTTPS,Socks4
45.128.133.253,1080,HTTP/HTTPS,Socks4
183.88.247.52,4153,HTTP/HTTPS,Socks4
222.165.215.117,52667,HTTP/HTTPS,Socks4
103.156.74.157,8199,HTTP/HTTPS,Socks4
185.186.17.57,5678,HTTP/HTTPS,Socks4
187.63.9.62,63253,HTTP/HTTPS,Socks4
51.158.68.28,16379,HTTP/HTTPS,Socks4
181.15.154.154,52033,HTTP/HTTPS,Socks4
47.237.92.86,9080,HTTP/HTTPS,Socks4
91.150.189.122,60647,HTTP/HTTPS,Socks4
128.199.37.92,1080,HTTP/HTTPS,Socks4
202.137.141.212,5678,HTTP/HTTPS,Socks4
36.94.100.114,1080,HTTP/HTTPS,Socks4
12.158.87.26,39593,HTTP/HTTPS,Socks4
91.187.121.211,2080,HTTP/HTTPS,Socks4
43.252.236.114,1080,HTTP/HTTPS,Socks4
213.169.39.234,31098,HTTP/HTTPS,Socks4
46.151.142.89,5678,HTTP/HTTPS,Socks4
103.167.156.102,1080,HTTP/HTTPS,Socks4
179.27.86.36,4153,HTTP/HTTPS,Socks4
103.105.41.209,4145,HTTP/HTTPS,Socks4
31.209.96.173,51688,HTTP/HTTPS,Socks4
95.43.244.15,4153,HTTP/HTTPS,Socks4
83.234.76.155,4145,HTTP/HTTPS,Socks4
108.175.23.241,13135,HTTP/HTTPS,Socks4
47.76.144.139,80,HTTP/HTTPS,Socks4
169.239.45.51,4153,HTTP/HTTPS,Socks4
185.170.233.106,47574,HTTP/HTTPS,Socks4
103.166.241.2,1080,HTTP/HTTPS,Socks4
192.163.200.82,17071,HTTP/HTTPS,Socks4
8.211.200.183,1080,HTTP/HTTPS,Socks4
194.1.188.8,60606,HTTP/HTTPS,Socks4
37.131.164.94,59341,HTTP/HTTPS,Socks4
140.245.220.37,1080,HTTP/HTTPS,Socks4
46.36.70.104,46964,HTTP/HTTPS,Socks4
202.79.35.143,4153,HTTP/HTTPS,Socks4
85.197.137.133,65530,HTTP/HTTPS,Socks4
213.19.205.198,1080,HTTP/HTTPS,Socks4
183.80.130.9,4145,HTTP/HTTPS,Socks4
212.50.19.150,4153,HTTP/HTTPS,Socks4
31.170.19.233,4153,HTTP/HTTPS,Socks4
202.162.219.12,1080,HTTP/HTTPS,Socks4
14.161.17.4,4153,HTTP/HTTPS,Socks4
105.214.85.239,5678,HTTP/HTTPS,Socks4
27.79.231.51,17000,HTTP/HTTPS,Socks4
115.127.141.154,1088,HTTP/HTTPS,Socks4
154.205.147.234,1080,HTTP/HTTPS,Socks4
103.1.105.10,4153,HTTP/HTTPS,Socks4
181.129.74.58,30431,HTTP/HTTPS,Socks4
8.211.49.86,20002,HTTP/HTTPS,Socks4
27.79.140.33,17000,HTTP/HTTPS,Socks4
217.145.199.47,56746,HTTP/HTTPS,Socks4
58.27.203.108,5678,HTTP/HTTPS,Socks4
125.234.91.111,1080,HTTP/HTTPS,Socks4
162.211.181.33,10808,HTTP/HTTPS,Socks4
83.219.1.130,5678,HTTP/HTTPS,Socks4
47.237.100.36,8888,HTTP/HTTPS,Socks4
162.243.17.117,30084,HTTP/HTTPS,Socks4
23.108.92.224,5256,HTTP/HTTPS,Socks4
177.128.44.129,31337,HTTP/HTTPS,Socks4
37.58.48.171,5256,HTTP/HTTPS,Socks4
27.79.186.184,17000,HTTP/HTTPS,Socks4
27.79.255.193,17000,HTTP/HTTPS,Socks4
217.15.149.192,8080,HTTP/HTTPS,Socks4
76.81.6.107,31008,HTTP/HTTPS,Socks4
118.70.211.121,60606,HTTP/HTTPS,Socks4
202.151.163.10,1080,HTTP/HTTPS,Socks4
45.78.226.173,20000,HTTP/HTTPS,Socks4
180.178.104.110,5678,HTTP/HTTPS,Socks4
195.78.100.186,3629,HTTP/HTTPS,Socks4
193.34.93.221,33861,HTTP/HTTPS,Socks4
50.96.204.254,18351,HTTP/HTTPS,Socks4
27.68.171.165,1080,HTTP/HTTPS,Socks4
27.79.160.255,17000,HTTP/HTTPS,Socks4
27.79.191.139,17000,HTTP/HTTPS,Socks4
27.77.228.92,1080,HTTP/HTTPS,Socks4
202.163.127.244,5678,HTTP/HTTPS,Socks4
185.134.99.41,4153,HTTP/HTTPS,Socks4
157.119.184.134,1080,HTTP/HTTPS,Socks4
50.96.204.5,18351,HTTP/HTTPS,Socks4
102.39.233.4,1080,HTTP/HTTPS,Socks4
217.79.152.134,60606,HTTP/HTTPS,Socks4
97.74.229.3,45644,HTTP/HTTPS,Socks4
45.6.101.97,4153,HTTP/HTTPS,Socks4
190.109.72.33,33633,HTTP/HTTPS,Socks4
47.237.16.113,8888,HTTP/HTTPS,Socks4
217.173.31.28,1080,HTTP/HTTPS,Socks4
83.143.29.225,1080,HTTP/HTTPS,Socks4
82.147.153.6,4153,HTTP/HTTPS,Socks4
108.62.1.96,5257,HTTP/HTTPS,Socks4
172.99.187.33,4145,HTTP/HTTPS,Socks4
27.123.254.158,6969,HTTP/HTTPS,Socks4
27.65.113.99,1080,HTTP/HTTPS,Socks4
87.110.164.219,4145,HTTP/HTTPS,Socks4
91.147.235.99,4145,HTTP/HTTPS,Socks4
185.255.4.172,1030,HTTP/HTTPS,Socks4
68.1.210.189,4145,HTTP/HTTPS,Socks4
138.3.218.141,54261,HTTP/HTTPS,Socks4
176.226.244.28,1080,HTTP/HTTPS,Socks4
116.110.95.147,8030,HTTP/HTTPS,Socks4
103.105.103.17,3629,HTTP/HTTPS,Socks4
194.28.162.12,1080,HTTP/HTTPS,Socks4
103.121.121.100,1080,HTTP/HTTPS,Socks4
47.238.128.246,8004,HTTP/HTTPS,Socks4
203.170.146.146,4153,HTTP/HTTPS,Socks4
5.128.254.99,1080,HTTP/HTTPS,Socks4
89.46.249.252,8765,HTTP/HTTPS,Socks4
110.173.190.206,60606,HTTP/HTTPS,Socks4
103.155.167.217,1080,HTTP/HTTPS,Socks4
157.66.170.100,1080,HTTP/HTTPS,Socks4
92.119.74.228,5678,HTTP/HTTPS,Socks4
163.47.37.190,1080,HTTP/HTTPS,Socks4
180.180.124.248,49992,HTTP/HTTPS,Socks4
103.54.148.189,1080,HTTP/HTTPS,Socks4
173.234.64.68,5256,HTTP/HTTPS,Socks4
118.174.233.113,4153,HTTP/HTTPS,Socks4
14.241.182.44,5678,HTTP/HTTPS,Socks4
190.104.26.227,33638,HTTP/HTTPS,Socks4
31.179.162.78,4153,HTTP/HTTPS,Socks4
47.89.159.212,11,HTTP/HTTPS,Socks4
129.205.244.158,1080,HTTP/HTTPS,Socks4
23.108.99.8,5256,HTTP/HTTPS,Socks4
176.88.166.190,5678,HTTP/HTTPS,Socks4
200.70.34.22,4153,HTTP/HTTPS,Socks4
141.94.195.25,22558,HTTP/HTTPS,Socks4
178.20.47.19,14552,HTTP/HTTPS,Socks4
109.123.235.224,9150,HTTP/HTTPS,Socks4
192.248.95.98,54126,HTTP/HTTPS,Socks4
83.220.46.106,4145,HTTP/HTTPS,Socks4
122.248.46.26,4145,HTTP/HTTPS,Socks4
51.83.190.248,19050,HTTP/HTTPS,Socks4
213.226.122.5,7788,HTTP/HTTPS,Socks4
186.211.2.54,4145,HTTP/HTTPS,Socks4
103.161.31.41,5678,HTTP/HTTPS,Socks4
176.57.69.177,16379,HTTP/HTTPS,Socks4
221.120.216.57,5678,HTTP/HTTPS,Socks4
202.74.48.66,1088,HTTP/HTTPS,Socks4
185.35.130.16,61212,HTTP/HTTPS,Socks4
171.229.164.70,1080,HTTP/HTTPS,Socks4
188.235.61.70,4153,HTTP/HTTPS,Socks4
201.174.17.126,7755,HTTP/HTTPS,Socks4
188.165.227.67,37484,HTTP/HTTPS,Socks4
8.213.222.247,4002,HTTP/HTTPS,Socks4
180.178.104.106,5678,HTTP/HTTPS,Socks4
183.80.54.224,1080,HTTP/HTTPS,Socks4
192.95.33.162,2887,HTTP/HTTPS,Socks4
94.103.86.110,13485,HTTP/HTTPS,Socks4
88.213.214.254,4145,HTTP/HTTPS,Socks4
36.66.170.25,4153,HTTP/HTTPS,Socks4
8.213.195.191,4006,HTTP/HTTPS,Socks4
103.81.194.124,4444,HTTP/HTTPS,Socks4
1.2.187.79,4145,HTTP/HTTPS,Socks4
103.156.74.154,8199,HTTP/HTTPS,Socks4
93.184.7.26,1080,HTTP/HTTPS,Socks4
27.147.153.34,10888,HTTP/HTTPS,Socks4
79.120.9.143,7777,HTTP/HTTPS,Socks4
167.235.200.145,1080,HTTP/HTTPS,Socks4
177.10.84.192,4145,HTTP/HTTPS,Socks4
114.108.177.104,60984,HTTP/HTTPS,Socks4
190.122.144.23,5678,HTTP/HTTPS,Socks4
27.79.251.60,17000,HTTP/HTTPS,Socks4
123.231.230.58,31196,HTTP/HTTPS,Socks4
200.188.246.122,60606,HTTP/HTTPS,Socks4
138.199.25.13,3902,HTTP/HTTPS,Socks4
203.150.128.101,5678,HTTP/HTTPS,Socks4
159.192.142.24,5678,HTTP/HTTPS,Socks4
77.41.168.189,1080,HTTP/HTTPS,Socks4
119.18.155.66,4153,HTTP/HTTPS,Socks4
45.191.12.6,4153,HTTP/HTTPS,Socks4
8.219.229.53,80,HTTP/HTTPS,Socks4
165.232.129.150,80,HTTP/HTTPS,anonymous
23.247.136.248,80,HTTP/HTTPS,anonymous
5.161.255.113,1080,HTTP/HTTPS,elite proxy
159.65.221.25,80,HTTP/HTTPS,anonymous
34.102.48.89,8080,HTTP/HTTPS,elite proxy
40.76.69.94,8080,HTTP/HTTPS,elite proxy
47.88.59.79,82,HTTP/HTTPS,anonymous
38.60.91.60,80,HTTP/HTTPS,anonymous
162.223.90.150,80,HTTP/HTTPS,elite proxy
68.183.143.134,80,HTTP/HTTPS,elite proxy
32.223.6.94,80,HTTP/HTTPS,anonymous
50.122.86.118,80,HTTP/HTTPS,anonymous
147.182.180.242,80,HTTP/HTTPS,elite proxy
66.191.31.158,80,HTTP/HTTPS,anonymous
23.247.136.254,80,HTTP/HTTPS,anonymous
68.185.57.66,80,HTTP/HTTPS,anonymous
167.253.49.214,8085,HTTP/HTTPS,transparent
45.56.173.199,6182,HTTP/HTTPS,transparent
104.224.90.240,6401,HTTP/HTTPS,transparent
146.103.44.239,6791,HTTP/HTTPS,transparent
173.211.68.77,6359,HTTP/HTTPS,transparent
140.235.3.211,8085,HTTP/HTTPS,transparent
198.37.99.156,5947,HTTP/HTTPS,transparent
45.41.162.81,6718,HTTP/HTTPS,transparent
154.30.241.78,9789,HTTP/HTTPS,transparent
193.56.20.158,8085,HTTP/HTTPS,transparent
136.0.109.98,6384,HTTP/HTTPS,transparent
38.154.227.236,5937,HTTP/HTTPS,transparent
193.56.20.147,8085,HTTP/HTTPS,transparent
154.6.129.28,5498,HTTP/HTTPS,transparent
198.46.246.100,6724,HTTP/HTTPS,transparent
167.99.124.118,80,HTTP/HTTPS,anonymous
107.150.41.226,22575,HTTP/HTTPS,elite proxy
63.143.57.115,80,HTTP/HTTPS,anonymous
174.138.54.65,80,HTTP/HTTPS,elite proxy
63.143.57.117,80,HTTP/HTTPS,anonymous
47.90.205.231,33333,HTTP/HTTPS,anonymous
47.251.122.81,8888,HTTP/HTTPS,elite proxy
209.97.150.167,8080,HTTP/HTTPS,anonymous
198.199.86.11,8080,HTTP/HTTPS,anonymous
192.73.244.36,80,HTTP/HTTPS,elite proxy
198.49.68.80,80,HTTP/HTTPS,elite proxy
89.117.145.245,3128,HTTP/HTTPS,elite proxy
138.197.102.119,80,HTTP/HTTPS,elite proxy
104.225.220.233,80,HTTP/HTTPS,elite proxy
47.251.43.115,33333,HTTP/HTTPS,anonymous
198.74.51.79,8888,HTTP/HTTPS,anonymous
144.126.216.57,80,HTTP/HTTPS,anonymous
47.90.167.27,3128,HTTP/HTTPS,elite proxy
131.148.8.130,3128,HTTP/HTTPS,anonymous
138.68.60.8,80,HTTP/HTTPS,anonymous
108.161.135.118,80,HTTP/HTTPS,transparent
143.110.232.177,80,HTTP/HTTPS,elite proxy
23.82.137.157,80,HTTP/HTTPS,anonymous
137.66.45.239,80,HTTP/HTTPS,elite proxy
5.161.103.41,88,HTTP/HTTPS,elite proxy
12.176.231.147,80,HTTP/HTTPS,elite proxy
185.250.180.238,8080,HTTP/HTTPS,anonymous
162.214.165.203,80,HTTP/HTTPS,anonymous
5.161.106.49,1080,HTTP/HTTPS,elite proxy
23.82.137.161,80,HTTP/HTTPS,anonymous
138.197.68.35,4857,HTTP/HTTPS,anonymous
138.68.235.51,80,HTTP/HTTPS,elite proxy
159.65.245.255,80,HTTP/HTTPS,elite proxy
176.126.111.233,8085,HTTP/HTTPS,transparent
198.37.99.199,5990,HTTP/HTTPS,transparent
67.227.36.204,6246,HTTP/HTTPS,transparent
191.96.254.217,6264,HTTP/HTTPS,transparent
193.31.127.123,8085,HTTP/HTTPS,transparent
192.177.87.160,6006,HTTP/HTTPS,transparent
192.177.87.209,6055,HTTP/HTTPS,transparent
193.163.92.144,8085,HTTP/HTTPS,transparent
173.0.9.144,5727,HTTP/HTTPS,transparent
98.159.38.55,6355,HTTP/HTTPS,transparent
38.154.191.97,8674,HTTP/HTTPS,transparent
216.74.118.72,6227,HTTP/HTTPS,transparent
45.38.45.199,6138,HTTP/HTTPS,transparent
67.227.112.253,6293,HTTP/HTTPS,transparent
45.61.100.185,6453,HTTP/HTTPS,transparent
38.170.175.145,5814,HTTP/HTTPS,transparent
45.41.172.67,5810,HTTP/HTTPS,transparent
206.206.122.246,5877,HTTP/HTTPS,transparent
104.253.48.131,5555,HTTP/HTTPS,transparent
64.188.100.30,7778,HTTP/HTTPS,transparent
66.78.34.130,5749,HTTP/HTTPS,transparent
198.37.99.186,5977,HTTP/HTTPS,transparent
45.41.171.214,6250,HTTP/HTTPS,transparent
166.88.83.170,6827,HTTP/HTTPS,transparent
166.88.171.235,8085,HTTP/HTTPS,transparent
184.174.46.201,5830,HTTP/HTTPS,transparent
67.227.112.77,6117,HTTP/HTTPS,transparent
88.218.46.164,8085,HTTP/HTTPS,transparent
192.210.191.74,6060,HTTP/HTTPS,transparent
199.96.166.118,8085,HTTP/HTTPS,transparent
198.23.128.244,5872,HTTP/HTTPS,transparent
142.111.131.127,6205,HTTP/HTTPS,transparent
173.0.10.253,6429,HTTP/HTTPS,transparent
184.174.126.238,6530,HTTP/HTTPS,transparent
67.227.37.164,5706,HTTP/HTTPS,transparent
136.0.220.6,5386,HTTP/HTTPS,transparent
212.42.199.217,5956,HTTP/HTTPS,transparent
67.227.112.168,6208,HTTP/HTTPS,transparent
154.30.250.15,5527,HTTP/HTTPS,transparent
45.41.171.128,6164,HTTP/HTTPS,transparent
198.12.112.2,5013,HTTP/HTTPS,transparent
146.103.55.135,6187,HTTP/HTTPS,transparent
167.253.48.22,8085,HTTP/HTTPS,transparent
206.206.73.78,6694,HTTP/HTTPS,transparent
185.77.221.250,8085,HTTP/HTTPS,transparent
193.233.211.209,8085,HTTP/HTTPS,transparent
173.211.30.37,6471,HTTP/HTTPS,transparent
107.174.25.29,5483,HTTP/HTTPS,transparent
140.235.2.63,8085,HTTP/HTTPS,transparent
173.239.237.149,5795,HTTP/HTTPS,transparent
140.235.3.160,8085,HTTP/HTTPS,transparent
38.153.138.9,9348,HTTP/HTTPS,transparent
38.170.168.204,5479,HTTP/HTTPS,transparent
199.96.164.26,8085,HTTP/HTTPS,transparent
149.57.85.98,6066,HTTP/HTTPS,transparent
185.77.223.141,8085,HTTP/HTTPS,transparent
167.253.49.186,8085,HTTP/HTTPS,transparent
193.202.16.58,8085,HTTP/HTTPS,transparent
198.46.241.250,6785,HTTP/HTTPS,transparent
67.227.112.127,6167,HTTP/HTTPS,transparent
199.96.164.162,8085,HTTP/HTTPS,transparent
45.56.175.10,5684,HTTP/HTTPS,transparent
67.227.119.212,6541,HTTP/HTTPS,transparent
23.95.250.22,6295,HTTP/HTTPS,transparent
193.31.127.97,8085,HTTP/HTTPS,transparent
206.206.122.194,5825,HTTP/HTTPS,transparent
38.153.137.240,5548,HTTP/HTTPS,transparent
176.126.111.71,8085,HTTP/HTTPS,transparent
140.235.1.206,8085,HTTP/HTTPS,transparent
166.88.58.17,5742,HTTP/HTTPS,transparent
104.245.244.231,6671,HTTP/HTTPS,transparent
167.253.48.128,8085,HTTP/HTTPS,transparent
107.172.221.227,6182,HTTP/HTTPS,transparent
166.88.172.114,8085,HTTP/HTTPS,transparent
142.111.161.239,6610,HTTP/HTTPS,transparent
193.202.16.143,8085,HTTP/HTTPS,transparent
185.77.221.243,8085,HTTP/HTTPS,transparent
198.37.116.244,6203,HTTP/HTTPS,transparent
92.113.1.203,5903,HTTP/HTTPS,transparent
140.235.1.223,8085,HTTP/HTTPS,transparent
140.235.2.128,8085,HTTP/HTTPS,transparent
89.19.34.215,8085,HTTP/HTTPS,transparent
142.111.58.212,6790,HTTP/HTTPS,transparent
140.235.3.170,8085,HTTP/HTTPS,transparent
167.253.48.217,8085,HTTP/HTTPS,transparent
45.41.171.80,6116,HTTP/HTTPS,transparent
198.89.123.46,6588,HTTP/HTTPS,transparent
166.88.58.135,5860,HTTP/HTTPS,transparent
13.59.159.61,80,HTTP/HTTPS,transparent
176.126.111.98,8085,HTTP/HTTPS,transparent
104.224.90.206,6367,HTTP/HTTPS,transparent
198.46.137.14,6218,HTTP/HTTPS,transparent
206.206.73.34,6650,HTTP/HTTPS,transparent
184.174.43.198,6738,HTTP/HTTPS,transparent
136.0.207.227,6804,HTTP/HTTPS,transparent
166.88.171.165,8085,HTTP/HTTPS,transparent
142.111.58.128,6706,HTTP/HTTPS,transparent
31.58.26.39,6622,HTTP/HTTPS,transparent
104.233.26.234,6072,HTTP/HTTPS,transparent
67.227.37.183,5725,HTTP/HTTPS,transparent
216.74.118.63,6218,HTTP/HTTPS,transparent
104.239.105.127,6657,HTTP/HTTPS,transparent
154.30.252.26,5157,HTTP/HTTPS,transparent
167.253.49.20,8085,HTTP/HTTPS,transparent
23.229.125.137,5406,HTTP/HTTPS,transparent
104.168.118.235,6191,HTTP/HTTPS,transparent
198.46.241.133,6668,HTTP/HTTPS,transparent
45.41.176.55,6353,HTTP/HTTPS,transparent
166.88.172.51,8085,HTTP/HTTPS,transparent
166.88.171.202,8085,HTTP/HTTPS,transparent
193.56.20.15,8085,HTTP/HTTPS,transparent
184.174.56.58,5070,HTTP/HTTPS,transparent
66.78.34.249,5868,HTTP/HTTPS,transparent
193.56.20.101,8085,HTTP/HTTPS,transparent
146.103.55.213,6265,HTTP/HTTPS,transparent
142.111.1.29,5061,HTTP/HTTPS,transparent
140.235.1.133,8085,HTTP/HTTPS,transparent
198.23.214.192,6459,HTTP/HTTPS,transparent
64.49.36.168,8085,HTTP/HTTPS,transparent
142.147.129.14,5623,HTTP/HTTPS,transparent
193.56.20.125,8085,HTTP/HTTPS,transparent
193.202.16.92,8085,HTTP/HTTPS,transparent
199.96.167.205,8085,HTTP/HTTPS,transparent
198.46.241.217,6752,HTTP/HTTPS,transparent
173.211.68.34,6316,HTTP/HTTPS,transparent
199.96.167.149,8085,HTTP/HTTPS,transparent
38.170.175.242,5911,HTTP/HTTPS,transparent
104.232.209.177,6135,HTTP/HTTPS,transparent
176.126.111.216,8085,HTTP/HTTPS,transparent
206.206.69.74,6338,HTTP/HTTPS,transparent
142.111.93.12,6573,HTTP/HTTPS,transparent
166.88.195.96,5728,HTTP/HTTPS,transparent
199.96.164.50,8085,HTTP/HTTPS,transparent
166.88.172.172,8085,HTTP/HTTPS,transparent
38.170.176.121,5516,HTTP/HTTPS,transparent
23.26.94.78,6060,HTTP/HTTPS,transparent
82.102.10.253,80,HTTP/HTTPS,anonymous
104.239.124.220,6498,HTTP/HTTPS,transparent
134.209.29.120,80,HTTP/HTTPS,anonymous
194.156.90.134,3128,HTTP/HTTPS,transparent
104.233.13.128,6123,HTTP/HTTPS,transparent
104.233.12.109,6660,HTTP/HTTPS,transparent
91.242.228.70,8085,HTTP/HTTPS,transparent
104.239.35.2,5684,HTTP/HTTPS,transparent
104.239.81.55,6590,HTTP/HTTPS,transparent
91.242.228.138,8085,HTTP/HTTPS,transparent
104.239.35.19,5701,HTTP/HTTPS,transparent
104.239.38.252,6785,HTTP/HTTPS,transparent
157.125.220.80,8080,HTTP/HTTPS,transparent
91.242.228.100,8085,HTTP/HTTPS,transparent
91.242.228.232,8085,HTTP/HTTPS,transparent
94.154.127.226,8085,HTTP/HTTPS,transparent
104.239.124.153,6431,HTTP/HTTPS,transparent
104.239.81.94,6629,HTTP/HTTPS,transparent
91.242.228.107,8085,HTTP/HTTPS,transparent
94.154.127.197,8085,HTTP/HTTPS,transparent
91.242.228.91,8085,HTTP/HTTPS,transparent
91.242.228.38,8085,HTTP/HTTPS,transparent
91.242.228.108,8085,HTTP/HTTPS,transparent
104.233.15.172,5895,HTTP/HTTPS,transparent
91.242.228.81,8085,HTTP/HTTPS,transparent
94.154.127.232,8085,HTTP/HTTPS,transparent
94.154.127.200,8085,HTTP/HTTPS,transparent
104.143.224.142,6003,HTTP/HTTPS,transparent
162.220.246.224,6508,HTTP/HTTPS,transparent
94.154.127.98,8085,HTTP/HTTPS,transparent
145.223.46.225,5775,HTTP/HTTPS,transparent
198.105.100.43,6294,HTTP/HTTPS,transparent
31.58.18.186,6455,HTTP/HTTPS,transparent
198.105.111.155,6833,HTTP/HTTPS,transparent
146.103.3.37,7090,HTTP/HTTPS,transparent
145.223.46.235,5785,HTTP/HTTPS,transparent
146.103.56.187,5735,HTTP/HTTPS,transparent
31.58.18.40,6309,HTTP/HTTPS,transparent
45.43.70.145,6432,HTTP/HTTPS,transparent
217.69.121.100,5765,HTTP/HTTPS,transparent
91.242.228.208,8085,HTTP/HTTPS,transparent
198.105.111.117,6795,HTTP/HTTPS,transparent
31.59.33.14,6590,HTTP/HTTPS,transparent
91.242.228.30,8085,HTTP/HTTPS,transparent
94.154.127.87,8085,HTTP/HTTPS,transparent
45.43.87.210,7959,HTTP/HTTPS,transparent
94.154.127.189,8085,HTTP/HTTPS,transparent
104.233.13.72,6067,HTTP/HTTPS,transparent
94.154.127.100,8085,HTTP/HTTPS,transparent
91.242.228.109,8085,HTTP/HTTPS,transparent
94.154.127.155,8085,HTTP/HTTPS,transparent
91.242.228.140,8085,HTTP/HTTPS,transparent
94.154.127.234,8085,HTTP/HTTPS,transparent
13.40.152.64,3128,HTTP/HTTPS,elite proxy
45.43.87.183,7932,HTTP/HTTPS,transparent
45.43.87.226,7975,HTTP/HTTPS,transparent
104.233.12.168,6719,HTTP/HTTPS,transparent
162.220.247.85,6680,HTTP/HTTPS,transparent
104.233.12.31,6582,HTTP/HTTPS,transparent
198.105.100.132,6383,HTTP/HTTPS,transparent
162.220.247.147,6742,HTTP/HTTPS,transparent
107.181.154.167,5845,HTTP/HTTPS,transparent
145.223.46.186,5736,HTTP/HTTPS,transparent
107.181.148.122,5982,HTTP/HTTPS,transparent
45.43.64.13,6271,HTTP/HTTPS,transparent
104.143.226.217,5820,HTTP/HTTPS,transparent
198.105.111.126,6804,HTTP/HTTPS,transparent
162.220.246.89,6373,HTTP/HTTPS,transparent
198.105.111.171,6849,HTTP/HTTPS,transparent
198.105.100.138,6389,HTTP/HTTPS,transparent
155.254.38.240,5916,HTTP/HTTPS,transparent
45.43.70.204,6491,HTTP/HTTPS,transparent
198.105.100.207,6458,HTTP/HTTPS,transparent
45.43.81.38,5685,HTTP/HTTPS,transparent
31.59.20.254,6832,HTTP/HTTPS,transparent
107.181.154.5,5683,HTTP/HTTPS,transparent
155.254.38.95,5771,HTTP/HTTPS,transparent
198.105.100.181,6432,HTTP/HTTPS,transparent
94.154.127.218,8085,HTTP/HTTPS,transparent
31.59.33.51,6627,HTTP/HTTPS,transparent
45.43.70.159,6446,HTTP/HTTPS,transparent
31.59.33.202,6778,HTTP/HTTPS,transparent
162.220.247.109,6704,HTTP/HTTPS,transparent
91.242.228.125,8085,HTTP/HTTPS,transparent
94.154.127.196,8085,HTTP/HTTPS,transparent
185.226.207.92,5641,HTTP/HTTPS,transparent
31.59.33.235,6811,HTTP/HTTPS,transparent
145.223.46.93,5643,HTTP/HTTPS,transparent
107.181.154.18,5696,HTTP/HTTPS,transparent
45.43.70.39,6326,HTTP/HTTPS,transparent
146.103.3.4,7057,HTTP/HTTPS,transparent
31.58.18.182,6451,HTTP/HTTPS,transparent
45.43.64.10,6268,HTTP/HTTPS,transparent
45.43.81.47,5694,HTTP/HTTPS,transparent
31.58.18.109,6378,HTTP/HTTPS,transparent
198.105.111.56,6734,HTTP/HTTPS,transparent
162.220.247.13,6608,HTTP/HTTPS,transparent
107.181.154.195,5873,HTTP/HTTPS,transparent
162.220.246.35,6319,HTTP/HTTPS,transparent
31.59.33.57,6633,HTTP/HTTPS,transparent
167.179.38.130,3128,HTTP/HTTPS,anonymous
200.174.198.86,8888,HTTP/HTTPS,anonymous
27.79.192.37,16000,HTTP/HTTPS,elite proxy
172.188.122.92,80,HTTP/HTTPS,anonymous
159.69.57.20,8880,HTTP/HTTPS,elite proxy
45.12.150.82,8080,HTTP/HTTPS,elite proxy
45.140.143.77,18080,HTTP/HTTPS,elite proxy
57.129.81.201,8080,HTTP/HTTPS,anonymous
140.238.242.189,8100,HTTP/HTTPS,anonymous
93.115.172.94,1080,HTTP/HTTPS,elite proxy
107.150.41.226,22575,HTTP/HTTPS,elite proxy
72.10.160.90,18457,HTTP/HTTPS,elite proxy
65.108.203.37,18080,HTTP/HTTPS,anonymous
67.43.228.254,13919,HTTP/HTTPS,elite proxy
47.251.122.81,8888,HTTP/HTTPS,elite proxy
47.236.224.32,8080,HTTP/HTTPS,elite proxy
122.160.148.199,8080,HTTP/HTTPS,anonymous
167.235.200.145,1080,HTTP/HTTPS,elite proxy
78.108.41.124,9111,HTTP/HTTPS,anonymous
27.79.251.60,16000,HTTP/HTTPS,anonymous
43.135.78.162,30004,HTTP/HTTPS,anonymous
67.43.236.18,3927,HTTP/HTTPS,elite proxy
8.217.124.178,49440,HTTP/HTTPS,elite proxy
47.252.29.28,11222,HTTP/HTTPS,elite proxy
128.140.113.110,3128,HTTP/HTTPS,elite proxy
212.33.205.55,3128,HTTP/HTTPS,anonymous
82.65.27.56,80,HTTP/HTTPS,elite proxy
20.78.118.91,8561,HTTP/HTTPS,anonymous
200.60.145.167,8083,HTTP/HTTPS,anonymous
148.206.32.3,8080,HTTP/HTTPS,anonymous
116.203.139.209,5678,HTTP/HTTPS,anonymous
201.150.119.171,999,HTTP/HTTPS,anonymous
181.15.220.154,8080,HTTP/HTTPS,anonymous
38.51.235.216,999,HTTP/HTTPS,anonymous
187.103.105.22,8999,HTTP/HTTPS,anonymous
185.191.236.162,3128,HTTP/HTTPS,anonymous
116.202.50.179,40013,HTTP/HTTPS,anonymous
92.58.181.171,1194,HTTP/HTTPS,anonymous
202.162.174.164,8080,HTTP/HTTPS,anonymous
103.188.169.196,8080,HTTP/HTTPS,anonymous
72.240.9.63,80,HTTP/HTTPS,anonymous
103.102.128.112,1186,HTTP/HTTPS,anonymous
23.237.210.82,80,HTTP/HTTPS,anonymous
38.250.126.201,999,HTTP/HTTPS,anonymous
45.170.226.250,999,HTTP/HTTPS,anonymous
8.213.129.15,9992,HTTP/HTTPS,anonymous
38.45.242.120,999,HTTP/HTTPS,anonymous
8.211.49.86,161,HTTP/HTTPS,anonymous
94.74.81.164,8080,HTTP/HTTPS,anonymous
191.81.212.205,8080,HTTP/HTTPS,anonymous
8.209.255.13,3128,HTTP/HTTPS,anonymous
193.95.53.131,8077,HTTP/HTTPS,anonymous
188.132.221.143,8080,HTTP/HTTPS,anonymous
45.191.7.249,8080,HTTP/HTTPS,anonymous
47.91.65.23,3128,HTTP/HTTPS,anonymous
8.213.151.128,3128,HTTP/HTTPS,anonymous
47.89.184.18,3128,HTTP/HTTPS,anonymous
35.86.81.136,3128,HTTP/HTTPS,elite proxy
27.79.152.219,16000,HTTP/HTTPS,elite proxy
209.121.164.51,31147,HTTP/HTTPS,anonymous
13.40.152.64,3128,HTTP/HTTPS,elite proxy
18.132.36.51,3128,HTTP/HTTPS,elite proxy
3.10.207.94,4222,HTTP/HTTPS,elite proxy
52.11.48.124,3128,HTTP/HTTPS,elite proxy
54.245.27.232,999,HTTP/HTTPS,elite proxy
34.221.119.219,999,HTTP/HTTPS,elite proxy
54.245.34.166,10001,HTTP/HTTPS,elite proxy
47.91.104.88,3128,HTTP/HTTPS,anonymous
52.194.186.70,1080,HTTP/HTTPS,elite proxy
71.14.218.2,8080,HTTP/HTTPS,elite proxy
47.74.226.8,5001,HTTP/HTTPS,anonymous
99.79.124.70,80,HTTP/HTTPS,elite proxy
72.10.160.92,19855,HTTP/HTTPS,elite proxy
13.40.3.184,3128,HTTP/HTTPS,elite proxy
110.42.37.172,10000,HTTP/HTTPS,anonymous
27.79.183.164,16000,HTTP/HTTPS,elite proxy
27.79.149.243,16000,HTTP/HTTPS,elite proxy
27.79.143.36,16000,HTTP/HTTPS,elite proxy
195.181.164.156,4095,HTTP/HTTPS,anonymous
27.79.248.88,16000,HTTP/HTTPS,elite proxy
27.79.225.29,16000,HTTP/HTTPS,elite proxy
193.188.21.69,8118,HTTP/HTTPS,anonymous
27.79.216.15,16000,HTTP/HTTPS,elite proxy
64.181.240.152,3128,HTTP/HTTPS,anonymous
110.42.37.210,10000,HTTP/HTTPS,anonymous
5.181.158.34,8118,HTTP/HTTPS,anonymous
14.247.183.131,8080,HTTP/HTTPS,elite proxy
27.79.140.33,16000,HTTP/HTTPS,elite proxy
4.233.77.167,1080,HTTP/HTTPS,elite proxy
51.96.162.162,3128,HTTP/HTTPS,anonymous
27.79.135.2,16000,HTTP/HTTPS,elite proxy
140.246.125.194,9099,HTTP/HTTPS,anonymous
118.113.244.212,2324,HTTP/HTTPS,anonymous
27.79.186.184,16000,HTTP/HTTPS,elite proxy
27.79.184.156,16000,HTTP/HTTPS,elite proxy
27.79.162.135,16000,HTTP/HTTPS,elite proxy
198.145.118.252,8080,HTTP/HTTPS,anonymous
198.145.118.251,8080,HTTP/HTTPS,anonymous
78.186.172.120,1953,HTTP/HTTPS,anonymous
47.88.18.204,8023,HTTP/HTTPS,anonymous
167.179.38.130,3128,HTTP/HTTPS,anonymous
138.199.233.152,80,HTTP/HTTPS,anonymous
129.226.155.235,8080,HTTP/HTTPS,anonymous
103.79.131.70,13001,HTTP/HTTPS,anonymous
8.210.117.141,8888,HTTP/HTTPS,elite proxy
103.75.119.185,80,HTTP/HTTPS,anonymous
154.90.48.76,80,HTTP/HTTPS,elite proxy
87.255.196.143,80,HTTP/HTTPS,elite proxy
156.38.112.11,80,HTTP/HTTPS,elite proxy
66.201.7.151,3128,HTTP/HTTPS,elite proxy
68.183.143.134,80,HTTP/HTTPS,elite proxy
162.223.90.150,80,HTTP/HTTPS,elite proxy
38.60.91.60,80,HTTP/HTTPS,anonymous
51.254.78.223,80,HTTP/HTTPS,anonymous
47.88.59.79,82,HTTP/HTTPS,anonymous
40.76.69.94,8080,HTTP/HTTPS,elite proxy
103.249.120.167,80,HTTP/HTTPS,anonymous
34.102.48.89,8080,HTTP/HTTPS,elite proxy
41.59.90.171,80,HTTP/HTTPS,anonymous
159.65.221.25,80,HTTP/HTTPS,anonymous
195.231.69.203,80,HTTP/HTTPS,elite proxy
197.243.20.178,80,HTTP/HTTPS,elite proxy
188.166.56.246,80,HTTP/HTTPS,elite proxy
41.59.90.175,80,HTTP/HTTPS,anonymous
81.169.213.169,8888,HTTP/HTTPS,anonymous
5.161.255.113,1080,HTTP/HTTPS,elite proxy
8.211.42.167,1234,HTTP/HTTPS,elite proxy
200.174.198.86,8888,HTTP/HTTPS,anonymous
23.247.136.248,80,HTTP/HTTPS,anonymous
95.216.148.196,80,HTTP/HTTPS,anonymous
146.59.202.70,80,HTTP/HTTPS,elite proxy
65.21.52.41,8888,HTTP/HTTPS,anonymous
37.27.63.151,34647,HTTP/HTTPS,elite proxy
165.232.129.150,80,HTTP/HTTPS,anonymous
14.241.80.37,8080,HTTP/HTTPS,elite proxy
27.79.192.37,16000,HTTP/HTTPS,elite proxy
172.188.122.92,80,HTTP/HTTPS,anonymous
145.239.196.123,80,HTTP/HTTPS,elite proxy
143.198.42.182,31280,HTTP/HTTPS,elite proxy
139.59.1.14,80,HTTP/HTTPS,anonymous
34.81.72.31,80,HTTP/HTTPS,anonymous
127.0.0.7,80,HTTP/HTTPS,anonymous
68.185.57.66,80,HTTP/HTTPS,anonymous
211.128.96.206,80,HTTP/HTTPS,anonymous
97.74.87.226,80,HTTP/HTTPS,anonymous
0.0.0.0,80,HTTP/HTTPS,anonymous
159.69.57.20,8880,HTTP/HTTPS,elite proxy
91.103.120.55,80,HTTP/HTTPS,anonymous
37.32.12.199,80,HTTP/HTTPS,anonymous
88.135.72.7,80,HTTP/HTTPS,anonymous
85.215.64.49,80,HTTP/HTTPS,anonymous
143.42.66.91,80,HTTP/HTTPS,anonymous
213.143.113.82,80,HTTP/HTTPS,anonymous
195.114.209.50,80,HTTP/HTTPS,elite proxy
82.102.10.253,80,HTTP/HTTPS,anonymous
45.12.150.82,8080,HTTP/HTTPS,elite proxy
89.58.57.45,80,HTTP/HTTPS,anonymous
200.250.131.218,80,HTTP/HTTPS,anonymous
45.140.143.77,18080,HTTP/HTTPS,elite proxy
23.247.136.254,80,HTTP/HTTPS,anonymous
158.255.77.166,80,HTTP/HTTPS,anonymous
219.93.101.63,80,HTTP/HTTPS,anonymous
91.107.154.214,80,HTTP/HTTPS,anonymous
66.191.31.158,80,HTTP/HTTPS,anonymous
190.2.143.81,8888,HTTP/HTTPS,anonymous
147.182.180.242,80,HTTP/HTTPS,elite proxy
50.122.86.118,80,HTTP/HTTPS,anonymous
190.58.248.86,80,HTTP/HTTPS,anonymous
219.93.101.60,80,HTTP/HTTPS,anonymous
133.18.234.13,80,HTTP/HTTPS,anonymous
32.223.6.94,80,HTTP/HTTPS,anonymous
57.129.81.201,8080,HTTP/HTTPS,anonymous
158.255.77.168,80,HTTP/HTTPS,anonymous
161.35.70.249,8080,HTTP/HTTPS,anonymous
158.255.77.169,80,HTTP/HTTPS,anonymous
140.238.242.189,8100,HTTP/HTTPS,anonymous
190.103.177.131,80,HTTP/HTTPS,anonymous
8.219.97.248,80,HTTP/HTTPS,anonymous
47.90.205.231,33333,HTTP/HTTPS,anonymous
87.248.129.32,80,HTTP/HTTPS,anonymous
93.115.172.94,1080,HTTP/HTTPS,elite proxy
134.209.29.120,80,HTTP/HTTPS,anonymous
63.143.57.117,80,HTTP/HTTPS,anonymous
93.127.163.52,80,HTTP/HTTPS,elite proxy
174.138.54.65,80,HTTP/HTTPS,elite proxy
63.143.57.115,80,HTTP/HTTPS,anonymous
107.150.41.226,22575,HTTP/HTTPS,elite proxy
167.99.124.118,80,HTTP/HTTPS,anonymous
45.92.108.112,80,HTTP/HTTPS,elite proxy
219.65.73.81,80,HTTP/HTTPS,anonymous
72.10.160.90,18457,HTTP/HTTPS,elite proxy
38.54.71.67,80,HTTP/HTTPS,elite proxy
65.108.203.37,18080,HTTP/HTTPS,anonymous
198.49.68.80,80,HTTP/HTTPS,elite proxy
192.73.244.36,80,HTTP/HTTPS,elite proxy
67.43.228.254,13919,HTTP/HTTPS,elite proxy
198.199.86.11,8080,HTTP/HTTPS,anonymous
209.97.150.167,8080,HTTP/HTTPS,anonymous
179.60.53.28,999,HTTP/HTTPS,elite proxy
47.251.122.81,8888,HTTP/HTTPS,elite proxy
49.49.189.29,8080,http,Thailand
159.65.230.46,8888,http,United States of America
182.253.6.236,8080,http,Indonesia
38.7.131.128,999,http,Dominican Republic
171.41.128.167,2324,http,China
31.128.35.15,3128,http,Latvia
189.36.129.185,8080,http,Brazil
131.100.51.146,999,http,Colombia
103.76.105.30,8080,http,Indonesia
116.99.59.102,8080,http,Viet Nam
65.21.52.41,8888,http,Finland
113.163.189.162,8080,http,Viet Nam
47.254.88.250,13001,http,United States of America
103.133.27.159,8085,http,Indonesia
194.150.68.7,7010,http,"Iran, Islamic Republic of"
45.224.153.55,999,http,Ecuador
80.91.116.145,8082,http,Albania
49.67.128.182,8089,http,China
182.252.74.145,8080,http,Bangladesh
142.93.129.233,8180,http,Netherlands
201.147.124.254,8111,http,Mexico
32.142.206.26,9081,http,United States of America
114.115.154.100,6125,http,China
178.251.111.28,8080,http,Ukraine
38.65.172.81,999,http,Mexico
38.250.126.201,999,http,Chile
103.197.47.42,8080,http,Pakistan
23.82.137.157,80,http,United States of America
222.68.37.46,2324,http,China
222.68.42.88,1080,http,China
110.76.145.22,92,http,Indonesia
111.95.215.64,7788,http,Indonesia
196.251.222.233,8083,http,South Africa
42.62.2.68,80,http,China
103.39.51.207,8080,http,Indonesia
103.36.11.119,8181,http,Indonesia
46.161.194.84,8085,http,Iraq
190.242.119.222,8080,http,Colombia
64.227.140.246,3128,http,India
118.70.16.27,6868,http,Viet Nam
128.199.202.122,80,http,Singapore
46.47.197.210,3128,http,Russian Federation
209.97.163.81,8888,http,Singapore
85.215.64.49,80,http,Germany
204.110.190.162,23435,http,United States of America
160.25.48.33,9090,http,Indonesia
201.77.96.160,999,http,Rwanda
34.135.166.24,80,http,United States of America
62.171.131.101,29497,socks4,Germany
118.172.134.75,4145,socks4,Thailand
49.48.34.223,4145,socks4,Thailand
182.253.34.174,3128,socks4,Indonesia
103.35.108.198,4145,socks4,Bangladesh
1.0.136.245,4145,socks4,Thailand
77.89.224.146,5678,socks4,"Moldova, Republic of"
154.66.108.19,10081,socks4,Lesotho
202.75.111.129,5678,socks4,Indonesia
176.126.70.111,16379,socks4,Sweden
157.245.210.217,37864,socks4,United States of America
184.181.217.213,4145,socks4,United States of America
64.157.16.43,8080,socks4,United States of America
203.24.103.8,80,socks4,"Virgin Islands, British"
213.172.89.227,4153,socks4,Azerbaijan
62.141.70.118,80,socks4,Russian Federation
197.234.13.56,4145,socks4,Seychelles
181.233.95.18,5678,socks4,Brazil
186.47.23.6,5678,socks4,Ecuador
165.225.204.117,10605,socks4,France
181.66.37.134,4153,socks4,Peru
45.12.31.3,80,socks4,United Kingdom of Great Britain and Northern Ireland
170.81.108.47,4153,socks4,Brazil
47.242.146.5,22722,socks4,Hong Kong
139.196.73.1,80,socks4,China
23.162.200.124,3128,socks4,Canada
68.183.201.95,35275,socks4,Canada
186.10.102.218,5678,socks4,Chile
185.162.228.252,80,socks4,United Kingdom of Great Britain and Northern Ireland
110.77.232.172,4145,socks4,Thailand
87.250.109.174,8080,socks4,Bosnia and Herzegovina
91.226.240.58,6666,socks4,Serbia
185.87.48.127,3128,socks4,Russian Federation
103.105.76.21,5678,socks4,Indonesia
149.20.253.58,12551,socks4,United States of America
41.160.23.114,4153,socks4,South Africa
80.58.149.246,4145,socks4,Spain
83.220.168.57,10103,socks4,Russian Federation
185.195.129.116,4153,socks4,Italy
172.99.187.33,4145,socks4,Puerto Rico
156.253.176.138,3128,socks4,France
5.9.250.29,1084,socks4,Germany
143.137.99.202,5678,socks4,Colombia
65.109.92.51,19912,socks4,Finland
132.148.128.8,17532,socks4,United States of America
181.205.46.178,4666,socks4,Colombia
45.126.169.185,4145,socks4,India
5.9.173.18,30000,socks4,Germany
109.127.82.114,5678,socks4,Iraq
67.227.186.83,63716,socks4,United States of America
103.99.110.222,5678,socks4,India
1.1.1.177,80,socks4,Australia
46.161.196.174,4145,socks4,Iraq
69.161.21.126,3128,socks4,United States of America
192.151.150.174,2301,socks4,United States of America
178.62.223.189,34103,socks4,Netherlands
81.12.157.98,5678,socks4,Romania
121.101.185.69,43296,socks4,Indonesia
177.222.146.125,5678,socks4,Brazil
202.159.60.113,443,socks4,Indonesia
37.1.213.4,16759,socks4,United States of America
116.118.98.21,5678,socks4,Viet Nam
43.247.15.41,8080,socks4,Indonesia
197.234.13.57,4145,socks4,Seychelles
178.253.208.146,1080,socks4,Serbia
95.140.124.217,1080,socks4,Serbia
119.93.123.229,4145,socks4,Philippines
51.161.99.113,58211,socks4,Chile
165.225.216.80,10605,socks4,United States of America
103.105.70.9,30538,socks4,Indonesia
103.209.230.253,4153,socks4,Netherlands
200.24.154.147,999,socks4,Ecuador
5.9.167.130,30000,socks4,Germany
102.132.15.33,8080,socks4,South Africa
45.112.125.60,4145,socks4,Indonesia
38.50.130.93,5678,socks4,Brazil
209.159.153.21,44365,socks4,United States of America
54.39.46.86,3128,socks4,Canada
61.7.184.39,4145,socks4,Thailand
37.152.163.95,4153,socks4,"Iran, Islamic Republic of"
118.172.47.97,51327,socks4,Thailand
36.66.34.10,8080,socks4,Indonesia
27.75.99.238,4002,socks4,Viet Nam
103.96.38.166,80,socks4,Bangladesh
103.240.33.113,8291,socks4,India
46.227.37.73,51155,socks4,Poland
115.76.194.232,5312,socks4,Viet Nam
177.92.86.102,5678,socks4,Brazil
185.171.52.130,5678,socks4,"Iran, Islamic Republic of"
47.252.1.180,7302,socks4,United States of America
116.40.190.175,1080,socks4,"Korea, Republic of"
176.118.51.82,3629,socks4,Ukraine
131.161.238.14,51327,socks4,Argentina
202.40.181.220,31247,socks4,Bangladesh
51.75.233.122,49623,socks4,France
178.215.190.240,56664,socks4,Ukraine
200.81.144.17,1080,socks4,Brazil
108.175.23.49,13135,socks4,United States of America
103.60.138.65,4153,socks4,India
158.174.126.133,50152,socks4,Sweden
138.118.213.213,4153,socks4,Argentina
94.28.14.70,4145,socks4,Russian Federation
171.243.24.171,31030,socks4,Viet Nam
222.129.32.173,57114,socks4,China
171.5.1.96,4153,socks4,Thailand
81.12.104.43,3629,socks4,"Iran, Islamic Republic of"
45.235.148.5,3629,socks4,Brazil
36.94.234.177,5678,socks4,Indonesia
103.76.188.33,4153,socks4,India
183.62.58.37,1080,socks4,China
147.161.166.35,10326,socks4,United Kingdom of Great Britain and Northern Ireland
173.209.38.72,12028,socks4,Canada
31.206.38.50,37630,socks4,Türkiye
141.193.213.236,80,socks4,United States of America
202.159.60.145,194,socks4,Indonesia
45.43.239.168,27070,socks4,United States of America
91.218.178.188,63636,socks4,Sri Lanka
195.225.49.135,55774,socks4,Ukraine
175.106.14.157,8899,socks4,Indonesia
161.35.24.230,12094,socks4,Germany
159.203.91.6,3128,socks4,United States of America
131.0.246.113,4153,socks4,Brazil
188.165.36.156,25051,socks4,France
201.76.9.26,4145,socks4,Brazil
177.125.161.143,4145,socks4,Brazil
154.84.84.89,80,socks4,Hong Kong
187.44.211.118,4153,socks4,Brazil
45.112.125.54,4145,socks4,Indonesia
151.232.18.66,5678,socks4,"Iran, Islamic Republic of"
43.159.28.112,19292,socks4,Singapore
134.209.23.68,22773,socks4,United Kingdom of Great Britain and Northern Ireland
202.51.126.241,1080,socks4,Indonesia
144.76.92.16,14618,socks4,Germany
5.9.169.87,30000,socks4,Germany
206.189.184.213,31541,socks4,United States of America
178.132.0.83,21683,socks4,Netherlands
114.238.154.57,1080,socks4,China
124.243.143.72,25934,socks4,Singapore
124.158.144.187,1080,socks4,Indonesia
95.182.78.18,5678,socks4,Ukraine
119.93.122.233,4145,socks4,Philippines
78.37.40.1,4153,socks4,Russian Federation
124.158.144.186,1080,socks4,Indonesia
183.81.156.225,5678,socks4,Indonesia
218.24.16.198,36180,socks4,China
177.38.182.166,5678,socks4,Brazil
103.81.117.122,4153,socks4,India
95.182.78.6,5678,socks4,Ukraine
165.227.85.112,15257,socks4,United States of America
212.200.89.254,4153,socks4,Serbia
121.127.42.146,80,socks4,United States of America
83.40.76.242,80,socks4,Spain
38.242.216.90,50226,socks4,Germany
183.194.93.138,51080,socks4,China
46.183.121.34,9999,socks4,Albania
45.79.189.110,47498,socks4,United States of America
117.2.155.245,4153,socks4,Viet Nam
104.16.107.142,80,socks4,Canada
141.11.182.4,3211,socks4,Netherlands
190.92.159.141,48053,socks4,United States of America
103.86.1.34,4145,socks4,India
178.171.106.116,5433,socks4,France
202.154.19.45,1080,socks4,Indonesia
185.129.250.65,4861,socks4,Spain
103.209.230.185,4153,socks4,Netherlands
166.62.53.45,13946,socks4,United States of America
155.133.83.253,58351,socks4,Germany
206.188.204.64,8443,socks4,United States of America
186.64.95.1,999,socks4,Argentina
109.169.72.251,3389,socks4,United Arab Emirates
101.109.252.86,4145,socks4,Thailand
15.204.216.229,11818,socks4,United States of America
213.136.87.65,80,socks4,France
8.213.161.15,3128,socks4,Thailand
78.109.139.51,5678,socks4,Russian Federation
14.58.109.154,3720,socks4,"Korea, Republic of"
180.246.79.160,8080,socks4,Indonesia
199.60.103.126,80,socks4,United States of America
84.241.25.151,80,socks4,"Iran, Islamic Republic of"
45.63.70.67,29313,socks4,United States of America
75.119.206.48,15745,socks4,United States of America
136.243.148.97,25928,socks4,Germany
162.214.121.11,3549,socks4,United States of America
157.90.120.241,59166,socks4,Germany
185.9.45.107,5678,socks4,Albania
103.210.29.193,31433,socks4,India
47.254.90.85,40392,socks4,United States of America
103.248.30.2,5678,socks4,India
171.228.99.196,5307,socks4,Viet Nam
181.204.4.74,5678,socks4,Colombia
203.30.190.172,80,socks4,Belize
91.150.77.58,56921,socks4,Serbia
94.198.213.252,5678,socks4,Italy
51.83.2.143,22007,socks4,France
192.3.28.239,8080,socks4,United States of America
38.54.6.39,9080,socks4,United States of America
196.15.155.209,4145,socks4,South Africa
166.62.52.254,5138,socks4,United States of America
103.209.230.193,4153,socks4,Netherlands
81.162.199.86,4153,socks4,Czechia
66.29.131.58,30885,socks4,United States of America
72.167.221.36,54059,socks4,United States of America
73.248.90.20,8081,socks4,United States of America
190.140.31.195,9900,socks4,Panama
24.58.195.48,4444,socks4,United States of America
185.6.10.191,4536,socks4,Sweden
201.184.75.212,4145,socks4,Colombia
202.166.205.242,17501,socks4,Nepal
131.100.40.84,5678,socks4,Brazil
103.233.103.241,4153,socks4,Indonesia
181.143.21.146,4153,socks4,Colombia
121.43.102.42,80,socks4,China
159.112.235.148,80,socks4,United States of America
81.12.104.35,3629,socks4,"Iran, Islamic Republic of"
185.64.105.183,31298,socks4,Lithuania
185.169.181.12,4145,socks4,Türkiye
185.170.233.102,47574,socks4,Cyprus
170.244.0.179,4145,socks4,Brazil
182.253.246.88,4153,socks4,Indonesia
191.102.82.83,4153,socks4,Colombia
119.10.177.107,1080,socks4,Indonesia
88.204.216.142,33156,socks4,Kazakhstan
46.101.15.37,80,socks4,United Kingdom of Great Britain and Northern Ireland
35.190.107.16,30000,socks4,United States of America
182.16.175.174,5678,socks4,Indonesia
162.240.57.99,35528,socks4,United States of America
1.2.214.8,4145,socks4,Thailand
136.226.230.82,10536,socks4,India
197.234.13.32,4145,socks4,Seychelles
45.133.39.1,1080,socks4,Türkiye
116.58.254.152,8080,socks4,Thailand
104.207.61.31,3128,socks4,United States of America
80.116.152.53,3744,socks4,Italy
174.138.176.78,56566,socks4,United States of America
186.251.254.85,31337,socks4,Brazil
195.120.78.30,5678,socks4,Italy
109.169.182.113,7788,socks4,Russian Federation
189.174.143.230,4145,socks4,Mexico
203.24.108.194,80,socks4,Cyprus
165.225.61.26,10089,socks4,United States of America
113.160.16.142,5678,socks4,Viet Nam
202.159.35.97,443,socks4,Indonesia
197.234.13.16,4145,socks4,Seychelles
192.111.139.163,19404,socks4,United States of America
193.34.181.196,8080,socks4,United States of America
102.176.160.70,5678,socks4,Guinea
2.136.144.142,3389,socks4,Spain
177.93.77.10,4153,socks4,Brazil
186.236.8.19,4145,socks4,Brazil
192.151.146.130,47780,socks4,United States of America
178.49.234.94,5678,socks4,Russian Federation
36.67.192.251,54366,socks4,Indonesia
134.119.213.231,14570,socks4,France
43.157.48.250,443,socks4,Germany
125.141.139.112,5566,socks4,"Korea, Republic of"
43.159.20.148,24411,socks4,Singapore
184.22.0.122,4153,socks4,Thailand
185.87.121.35,8975,socks4,Türkiye
103.210.35.62,4145,socks4,Indonesia
118.99.103.114,32491,socks4,Indonesia
184.178.172.13,15311,socks4,United States of America
51.81.93.148,25073,socks4,United States of America
89.237.35.145,51549,socks4,Russian Federation
45.14.224.32,28145,socks4,Netherlands
85.214.94.105,12126,socks4,Germany
203.24.109.109,80,socks4,Belize
162.240.236.85,47817,socks4,United States of America
115.29.148.215,45554,socks4,China
41.60.237.111,5678,socks4,Kenya
47.243.124.21,4040,socks4,Hong Kong
80.28.111.248,4145,socks4,Spain
75.119.207.152,36621,socks4,United States of America
188.165.252.198,57576,socks4,France
36.64.27.123,5678,socks4,Indonesia
49.87.154.98,10800,socks4,China
103.134.214.131,1648,socks4,Indonesia
91.93.143.14,4153,socks4,Türkiye
171.234.64.234,80,socks4,Viet Nam
103.30.0.5,4145,socks4,Indonesia
171.242.42.10,4007,socks4,Viet Nam
185.171.54.35,4153,socks4,"Iran, Islamic Republic of"
103.15.245.18,4153,socks4,Bangladesh
46.101.35.96,80,socks4,United Kingdom of Great Britain and Northern Ireland
187.252.154.90,4153,socks4,Mexico
119.148.40.186,9990,socks4,Bangladesh
160.153.0.14,80,socks4,United States of America
138.255.240.66,40736,socks4,Brazil
183.80.130.9,4145,socks4,Viet Nam
123.108.98.89,5678,socks4,Indonesia
8.7.164.132,80,socks4,United States of America
188.133.155.215,1256,socks4,Russian Federation
101.108.61.252,4145,socks4,Thailand
1.10.188.140,48965,socks4,Thailand
35.244.181.58,80,socks4,United States of America
45.76.63.76,58351,socks4,United States of America
194.163.137.106,9050,socks4,Germany
222.129.36.1,4145,socks4,China
148.251.157.89,9050,socks4,Germany
185.220.101.18,9050,socks4,Germany
103.70.206.129,59311,socks4,India
45.76.150.19,50685,socks4,Singapore
38.242.199.111,51304,socks4,Germany
202.21.101.180,4153,socks4,Mongolia
103.200.135.230,4145,socks4,Myanmar
35.185.202.12,80,socks4,United States of America
103.105.103.1,3629,socks4,India
81.24.82.69,40980,socks4,Russian Federation
213.135.234.101,4153,socks4,Luxembourg
4.14.120.230,39593,socks4,United States of America
45.7.176.78,52246,socks4,Brazil
1.10.238.254,4145,socks4,Thailand
177.67.136.113,4153,socks4,Brazil
213.136.89.190,37361,socks4,France
103.76.188.97,4153,socks4,India
103.124.137.158,1080,socks4,Indonesia
118.174.219.5,4153,socks4,Thailand
154.12.253.232,39040,socks4,United States of America
46.214.153.223,5678,socks4,Romania
89.42.198.79,4153,socks4,"Iran, Islamic Republic of"
37.152.163.238,4153,socks4,"Iran, Islamic Republic of"
139.162.151.176,71,socks4,Germany
177.74.191.182,4145,socks4,Brazil
104.16.11.134,80,socks4,Canada
185.46.60.108,5678,socks4,"Moldova, Republic of"
110.243.6.51,9999,socks4,China
116.99.229.3,24026,socks4,Viet Nam
193.176.84.38,9002,socks4,Romania
5.8.240.92,4153,socks4,Iraq
154.201.37.6,3128,socks4,India
185.43.249.148,39316,socks4,Ukraine
200.81.127.113,4153,socks4,Argentina
83.143.29.225,1080,socks4,Botswana
176.241.82.149,5678,socks4,Iraq
67.43.42.117,8080,socks4,United States of America
64.202.186.2,30443,socks4,United States of America
178.132.0.94,12088,socks4,Netherlands
195.175.87.14,4153,socks4,Türkiye
51.222.25.113,18047,socks4,Canada
75.2.0.72,443,socks4,United States of America
143.244.56.82,10680,socks4,France
89.132.207.82,4145,socks4,Hungary
164.38.155.8,80,socks4,United Kingdom of Great Britain and Northern Ireland
31.6.52.110,3128,socks4,Germany
166.62.121.102,45886,socks4,United States of America
82.136.55.156,30755,socks4,United Kingdom of Great Britain and Northern Ireland
177.101.135.89,5678,socks4,Brazil
91.199.93.32,4153,socks4,Ukraine
213.149.154.213,5678,socks4,Bulgaria
102.69.146.181,5678,socks4,Nigeria
176.62.188.158,3629,socks4,Russian Federation
185.165.241.5,12437,socks4,Netherlands
184.178.172.28,15294,socks4,United States of America
43.134.238.25,443,socks4,Singapore
202.21.115.202,4153,socks4,Mongolia
115.76.198.181,43400,socks4,Viet Nam
45.5.94.150,56731,socks4,Mexico
79.132.201.193,4145,socks4,"Iran, Islamic Republic of"
202.162.214.250,3128,socks4,Indonesia
172.67.7.11,80,socks4,Canada
104.18.136.28,80,socks4,Canada
174.108.154.129,32940,socks4,United States of America
197.234.13.27,4145,socks4,Seychelles
163.53.205.225,4153,socks4,India
138.186.222.129,5678,socks4,Brazil
171.226.249.54,5011,socks4,Viet Nam
77.37.142.203,5328,socks4,Russian Federation
162.241.129.84,36504,socks4,United States of America
163.172.131.178,16379,socks4,France
185.109.184.150,49217,socks4,Italy
117.186.174.90,18080,socks4,China
139.162.166.167,43941,socks4,Germany
45.128.135.249,1080,socks4,Netherlands
80.26.56.66,4153,socks4,Spain
123.57.246.163,8118,socks4,China
213.6.38.50,59422,socks4,"Palestine, State of"
104.27.26.29,80,socks4,Canada
189.253.172.26,3128,socks4,Mexico
196.0.111.194,48009,socks4,Uganda
114.134.90.110,10800,socks4,Bangladesh
177.125.161.38,4145,socks4,Brazil
185.72.252.9,36305,socks4,Iraq
41.220.238.13,83,socks4,Kenya
49.0.42.114,10801,socks4,Bangladesh
195.158.249.8,54873,socks4,Slovenia
118.174.52.122,5678,socks4,Thailand
107.189.13.249,1234,socks4,Luxembourg
202.165.38.185,17538,socks4,Indonesia
186.224.225.26,42648,socks4,Brazil
1.117.112.46,80,socks4,China
43.130.62.247,12740,socks4,United States of America
108.61.23.18,80,socks4,United States of America
185.79.243.153,38431,socks4,Poland
177.72.115.17,31164,socks4,Brazil
89.39.104.214,12570,socks4,Netherlands
79.137.95.8,7080,socks4,France
173.245.49.181,80,socks4,Canada
193.203.61.35,8443,socks5,Russian Federation
51.254.32.143,80,socks5,France
45.13.59.103,1080,socks5,Germany
58.55.134.85,1080,socks5,China
125.141.139.110,5566,socks5,"Korea, Republic of"
79.126.45.214,7788,socks5,Russian Federation
119.91.214.119,3389,socks5,China
75.119.204.161,7028,socks5,United States of America
159.89.163.128,7497,socks5,India
51.15.241.5,16379,socks5,France
79.141.160.2,48462,socks5,United States of America
222.186.50.204,1080,socks5,China
131.72.191.107,1080,socks5,Brazil
75.119.205.47,49252,socks5,United States of America
212.33.197.37,80,socks5,"Iran, Islamic Republic of"
168.119.209.189,60006,socks5,Germany
31.151.131.219,8080,socks5,Netherlands
204.57.112.5,80,socks5,United States of America
103.53.228.217,7497,socks5,Viet Nam
206.189.9.30,42331,socks5,Netherlands
31.128.248.1,1080,socks5,Ukraine
146.19.196.145,40234,socks5,Singapore
66.235.200.158,80,socks5,United States of America
161.97.181.31,43231,socks5,France
167.99.180.31,56084,socks5,Canada
212.3.104.126,8080,socks5,Ukraine
85.2.149.139,3128,socks5,Switzerland
87.238.192.63,39272,socks5,Germany
203.23.104.106,80,socks5,Cyprus
157.230.8.196,7497,socks5,United States of America
80.188.75.114,8080,socks5,Czechia
47.243.138.23,8888,socks5,Hong Kong
51.210.21.189,1080,socks5,France
75.119.204.222,23456,socks5,United States of America
92.124.143.26,1080,socks5,Russian Federation
31.22.7.188,56981,socks5,United Kingdom of Great Britain and Northern Ireland
221.200.220.159,1080,socks5,China
51.158.119.71,16379,socks5,France
103.104.177.227,59463,socks5,Indonesia
2.180.33.223,5678,socks5,"Iran, Islamic Republic of"
37.187.140.148,19639,socks5,France
159.69.43.215,22139,socks5,Germany
61.19.116.28,8080,socks5,Thailand
79.100.14.137,8080,socks5,Bulgaria
163.53.204.178,9813,socks5,India
138.2.103.61,39193,socks5,Singapore
146.56.161.26,18433,socks5,"Korea, Republic of"
191.103.253.89,63909,socks5,Colombia
172.67.209.12,80,socks5,Canada
177.23.184.166,52935,socks5,Brazil
70.21.18.82,14841,socks5,United States of America
185.105.237.11,3128,socks5,"Iran, Islamic Republic of"
103.55.216.50,80,socks5,Indonesia
81.91.157.134,5678,socks5,"Iran, Islamic Republic of"
123.146.186.38,1080,socks5,China
75.119.202.247,52186,socks5,United States of America
64.90.48.27,24650,socks5,United States of America
51.210.43.253,7497,socks5,France
89.239.174.183,7788,socks5,Russian Federation
43.133.71.243,15673,socks5,"Korea, Republic of"
51.15.234.222,16379,socks5,France
100.4.50.233,8080,socks5,United States of America
203.30.191.34,80,socks5,Belize
31.13.33.4,8080,socks5,Russian Federation
217.23.15.50,14917,socks5,Netherlands
159.223.163.20,44171,socks5,United States of America
197.234.13.61,36902,socks5,Seychelles
8.218.134.238,10802,socks5,Hong Kong
171.246.113.14,4000,socks5,Viet Nam
